Abraxas,C,Rare,DLR,rift+[rift align:lightning]+lightning+dark,23:00:00,4.0%,0.0%,0.0%,1.0%,Power Overwhelming
Abyss,C,Hybrid,DW,water+dark,7:30:00,*%,10.0%,1.0%,1.0%,Lantern Deeps
Acid,C,Hybrid,DM,metal+dark,15:30:00,*%,10.0%,1.0%,1.0%,Corrosive Crater
Ahoy,U,Rare,AEFW,air+fire+water+earth,17:00:00,4.5%,10.0%,1.0%,1.0%,Getaway Stick
Air,C,Primary,A,Water+Fire,2:00:00,100.0%,0.0%,0.0%,0.0%,
Air Rift,C,Primary Rift,AR,,48:00:00,$%,0.0%,0.0%,1.0%,Questionable Heights
Aisa,U,Rare,ACDE,Zumi+Verglace,24:00:00,3.2%,10.0%,1.0%,1.0%,Triple Axel
Alayzem,U,Epic,CDLPSuW,Crawler+Kann,20:00:00,3.3%,1.5%,5.0%,5.0%,Sandy Peaks
Alffa,U,Epic,ACDDrEFILMPW,dream+air,32:00:00,2.0%,1.0%,1.0%,1.0%,Alpha in Disguise
Alpenglow,C,Rare,EIR,earth+light+rift+[lightning trait],0:00:00,2.5%,0.0%,0.0%,1.0%,Lighting the Rift
Alure,U,Epic,ACLMTrW,Djinni+Silver,28:00:00,4.0%,1.5%,5.0%,5.0%,Song Of The Siren
Amalgamate,U,Rare,DEF,fire+dark+Bone+earth,20:00:00,3.1%,10.0%,1.0%,1.0%,Twin Rivalry
Amaryllis,U,Epic,AAuIP,air+plant+light,19:00:00,3.0%,1.0%,5.0%,5.0%,Archetypal Acceptance
Amber,U,Gemstone,CEGeLP,Quake+Evergreen,30:26:15,3.0%,3.0%,5.0%,5.0%,Fossil Folly
Ambrosia,U,Rare,CEFP,Delight+Flower,23:00:00,5.0%,4.0%,1.0%,1.0%,The Sweetest Scent
Amethyst,U,Gemstone,ACGeL,Sonic+Hail,28:00:00,3.0%,3.0%,5.0%,5.0%,Gerias Mines
Ancestor,U,Rare,ACEP,Panlong+Redbeard,20:00:00,3.5%,10.0%,1.0%,1.0%,Blessing of Wisdom
Andromedan,C,Galaxy,CEFGaP,Andromedan+[social cave],16:00:00,0.0%,5.0%,0.0%,0.0%,Celestial Duality
Angler,U,Epic,ACOr,Gulletail+Venture,24:00:00,1.5%,4.0%,1.0%,1.0%,Something Catchy
Antarian,C,Galaxy,EFGaIL,[social cave]+Antarian,16:00:00,0.0%,5.0%,0.0%,0.0%,Flaming Starscape
Antumbra,C,Rare,DIR,[rift align:earth]+rift+light+dark,0:00:00,5.0%,0.0%,0.0%,1.0%,Pincer Power
Aperture,C,Rare,CW,water+cold,12:00:00,5.0%,10.0%,1.0%,1.0%,Port Enthusiast
Apex,U,Epic,EHiI,hidden+earth+light,22:00:00,2.0%,1.0%,5.0%,5.0%,At the Pinnacle
Apocalypse,C,Epic,ApCLMP,metal+cold+lightning+plant,20:12:00,3.0%,1.0%,?%,?%,Prophetic Pursuit
Aquacorn,C,Rare,CW,cold+water,12:00:00,5.0%,10.0%,1.0%,1.0%,Wet and Magical
Aquamarine,U,Gemstone,CEGeW,River+Iceberg,31:00:00,3.0%,3.0%,5.0%,5.0%,Tour de Cyan
Aquarian,U,Epic,ACDLZo,Midnight+air,29:00:00,3.3%,4.0%,5.0%,5.0%,Splish Splash
Arbor,U,Rare,EP,Tree+Forest,10:00:00,4.0%,3.0%,1.0%,1.0%,Garden Warden
Arcrider,U,Rare,AEIP,Florea+Wolper,24:00:00,3.75%,1.0%,5.0%,5.0%,Colourful Ride
Arctic,C,Rare,CE,earth+cold,22:00:00,5.0%,4.0%,1.0%,1.0%,Northern Chills
Arcturian,C,Galaxy,ADEFGa,Arcturian+[social cave],6:00:00,0.0%,10.0%,0.0%,0.0%,Pan Galactic Gargle
Arid,C,Rare,EI,earth+light,12:30:00,5.0%,4.0%,1.0%,?%,Desert Duds
Ariesian,U,Epic,ACDEFILMPWZo,fire+Solarflare,27:00:00,4.0%,10.0%,5.0%,5.0%,Fire Hazard
Armament,U,Rare,FIM,fire+metal+light,24:00:00,0.5%,1.5%,0.75%,0.75%,Stark Strength
Ash,C,Hybrid,LP,lightning+plant,6:00:00,*%,10.0%,1.0%,1.0%,Phoenix Edict
Astraline,U,Epic,ACDrEFIL,light+Petunia+air,24:00:00,4.0%,1.0%,5.0%,5.0%,Astral Projection
Atramento,U,Epic,DHiL,dark+hidden+lightning,23:00:00,2.0%,1.0%,5.0%,5.0%,Ink-redible Experience
Aubergine,U,Epic,ADEFHiPSe,,20:50:00,0.0%,0.0%,0.0%,0.0%,Purple Royale
Auroch,C,Rare,EM,earth+metal,22:00:00,4.0%,4.0%,1.0%,1.0%,Bullish Tendencies
Aurora,U,Epic,ACDEFILMPRbW,[4 elements],54:00:00,4.0%,3.0%,?%,?%,Boreal Brink
Aurum,U,Epic,AFIMPTrW,Gold+Gawk,30:00:00,4.55%,1.5%,5.0%,5.0%,Oh Shiny
Autumn,U,Epic,ACFSe,air+cold+fire,24:00:00,4.0%,3.0%,?%,?%,The Fall
Avarice,U,Epic,CEFOrP,,12:00:00,0.0%,0.0%,0.0%,0.0%,Enrichment En Masse
Azurite,U,Gemstone,ACCrEM,Meteor+Glacier,35:00:00,3.0%,3.0%,5.0%,5.0%,Gerias Gauntlet
Barbarous,A,Epic,ApCDEF,Ragnarok+Oni,13:45:00,0.5%,1.5%,0.75%,0.75%,Ruins of War
Barite,U,Gemstone,ACCrEL,Dodo+Hail,35:00:00,3.0%,3.0%,5.0%,5.0%,Colorless Chasm
Bastion,U,Rare,CIL,lightning+cold+light,24:00:00,0.5%,1.5%,0.75%,0.75%,One For All
Bearded,U,Rare,CEM,Mountain+metal,15:00:00,5.0%,3.0%,1.0%,1.0%,Close Shave
Begonia,U,Epic,AuFMW,water+fire+metal,17:00:00,2.0%,1.0%,5.0%,5.0%,Brash Bargaining
Bellflower,C,Rare,IP,light+plant,16:00:00,3.0%,4.0%,1.0%,1.0%,Flower Power
Berry,U,Epic,FISeW,fire+light+water,16:00:00,3.0%,2.0%,?%,?%,Fearsome Fruits
Bicentennial,U,Rare,AFL,lightning+air+fire,20:00:00,2.0%,1.0%,0.5%,0.5%,Ten Score Trench
Bilby,U,Rare,FILP,Plains+Cotton,14:00:00,2.0%,0.5%,5.0%,2.0%,Hop to It
Binky,U,Epic,ADDrEFISuW,Tranquil+Nightmare,24:00:00,4.25%,10.0%,1.0%,1.0%,Jungle Juggle
Bismuth,U,Gemstone,CrEFIM,Glass+Forge,34:30:00,3.0%,3.0%,5.0%,5.0%,Refraction Extraction
Bizurian,C,Galaxy,ACDGaL,Bizurian+[social cave],8:00:00,0.0%,5.0%,0.0%,0.0%,Paired Pulsars
Blazing,C,Hybrid,AF,fire+air,8:00:00,*%,10.0%,1.0%,1.0%,Fiery Forage
Blazing Gale,U,Rare,AF,fire+air,22:00:00,4.0%,1.5%,1.0%,1.0%,Pi Roh's Paradise
Blightwing,C,Rare,AFR,[dark trait]+air+rift+fire,0:00:00,2.5%,0.0%,0.0%,1.0%,Timeless Tail
Blizzard,C,Hybrid,AC,cold+air,10:00:00,*%,10.0%,1.0%,1.0%,Hall of the Ice Kings
Bloatato,U,Epic,ADEHiSeW,,16:06:40,0.0%,0.0%,0.0%,0.0%,Starchy Goodness
Bloom,U,Rare,CLP,Storm+plant,13:00:00,4.0%,2.0%,1.0%,1.0%,Efflorescent Expedition
Blue Fire,C,Rare,CF,cold+fire,12:00:00,5.0%,4.0%,1.0%,1.0%,Scorched Ice
Blue Moon,U,Epic,CLMo,lightning+cold,29:31:48,4.0%,3.0%,?%,?%,Lunar Blues
Bog,U,Rare,FPW,water+fire+plant,24:00:00,4.0%,0.0%,0.0%,?%,Log in the Fog
Bogberry,U,Epic,FIPSeW,Bog+Berry,16:00:00,3.0%,2.0%,1.0%,1.0%,Six-Fingered Lake
Bone,U,Rare,EF,earth+fire,10:00:00,5.0%,4.0%,1.0%,1.0%,Skeletal Pedestal
Bonescale,C,Rare,CM,metal+cold,22:00:00,2.0%,4.0%,1.0%,1.0%,Calcified Crusade
Bouldershock,C,Rare,EL,earth+lightning,15:00:00,2.5%,4.0%,1.0%,1.0%,Shocked and Shaken
Bounteous,U,Rare,EFP,plant+fire+earth,14:00:00,5.0%,2.0%,1.0%,1.0%,Bounding Around
Bouquet,U,Rare,FPW,Flower+water,9:00:00,5.0%,3.0%,1.0%,1.0%,Floral Flight
Bramble,C,Rare,DP,dark+plant,18:00:00,5.0%,2.0%,1.0%,1.0%,Razor Ramble
Brass,C,Hybrid,FM,metal+fire,5:00:00,*%,10.0%,1.0%,1.0%,Doubley Alloyed
Brilliant,C,Rare,FL,fire+lightning,15:00:00,3.0%,4.0%,1.0%,1.0%,Intuitive Innovation
Brizoni,U,Rare,EFIP,light+plant+earth+fire,24:00:00,4.0%,10.0%,1.0%,1.0%,Perfectly Balanced
Bronze,C,Epic,EMTr,metal+earth,46:00:00,3.5%,3.0%,10.0%,?%,Lerner's Toyshop
Bronze Olympus,C,Epic,ELOl,lightning+air+earth,35:00:00,5.0%,4.0%,?%,?%,Olympian Struggle
Brood,U,Rare,DEFL,Gatren+Dracabra,14:00:00,3.1%,10.0%,1.0%,1.0%,Family Time
Brutiful,U,Epic,AAuCEFLMP,Thorn+Masque,16:00:00,2.45%,1.0%,5.0%,5.0%,Duality
Bubble,C,Rare,AW,air+water,10:00:00,5.0%,4.0%,1.0%,1.0%,Sudsy Shores
Bumi,U,Epic,AEISe,Flowerhop+Pixie,19:00:00,3.75%,1.0%,5.0%,5.0%,Spring to Action
Burglehoo,U,Epic,CEFOrP,,12:00:00,0.0%,0.0%,0.0%,0.0%,Not a Grump Nor a Heel
Burrow,C,Rare,EF,earth+fire,10:00:00,5.0%,4.0%,1.0%,1.0%,Curious Explorer
Busby,C,Epic,ChCEFP,Marbletail+Lacewing,42:00:00,2.0%,1.0%,?%,?%,Hive Mind
Bushwhack,U,Rare,DEFP,Bramble+fire+earth,27:00:00,2.75%,10.0%,1.0%,1.0%,Whacky Mazes
Buttercup,U,Rare,ACEI,Giddle+light+air,18:00:00,3.0%,10.0%,1.0%,1.0%,Fluffy Jewel
Butterfly,U,Rare,AFL,Firefly+air,12:00:00,5.0%,3.0%,1.0%,1.0%,Sykie Meadows
Cactus,C,Hybrid,LP,lightning+plant,0:30:00,*%,10.0%,1.0%,1.0%,Glochid Grounds
Candescent,C,Rare,CI,light+cold,9:00:00,5.0%,4.0%,1.0%,1.0%,Glowing Descent
Candlecrown,U,Rare,CEFP,Holly+fire,18:00:00,2.0%,1.5%,1.0%,1.0%,The Warmth of Cheer
Canna,U,Rare,IPW,plant+water+light,20:00:00,3.0%,5.0%,5.0%,5.0%,It Comes In Makeshift Boat
Cansian,U,Epic,CLWZo,water+Moon,28:00:00,4.0%,10.0%,5.0%,5.0%,Clamps
Canvas,U,Epic,AAuEFMP,Iron Blossom+Sumi,30:00:00,2.0%,4.0%,1.0%,1.0%,A True Masterpiece
Capricornian,U,Epic,DEILWZo,Chimmit+earth,24:00:00,3.5%,10.0%,5.0%,5.0%,Headstrong
Carnival,U,Rare,EFP,Pepper+earth,12:00:00,5.0%,2.0%,1.0%,1.0%,Jubilee Spree
Cave,C,Hybrid,DE,dark+earth,11:00:00,*%,10.0%,1.0%,1.0%,Down Underground
Celerulean,C,Galaxy,CFGaIW,[social cave]+Celerulean,24:00:00,0.0%,10.0%,0.0%,0.0%,Blue Odyssey
Celtic,U,Epic,CLPRb,Storm+plant,17:00:00,3.0%,1.0%,?%,?%,Knots for Naught
Century,U,Rare,CEW,cold+water+earth,10:00:00,3.0%,1.0%,0.5%,0.5%,Five Score Frenzy
Cerberus,U,Epic,EFLOlW,Hydra+Obsidian,33:00:00,3.0%,2.0%,5.0%,5.0%,Hall of Halitosis
Chaiko,U,Rare,ACW,Starshine+Longcicle,15:00:00,3.0%,10.0%,1.0%,1.0%,Lever Physics
Char,C,Rare,DF,dark+fire,22:00:00,5.0%,4.0%,1.0%,1.0%,Across the Acrostic Sea
Charlatan,A,Epic,ApCDEF,Apocalypse+Spirit,16:00:00,0.5%,1.5%,0.75%,0.75%,Composed Conquest
Cherrie,U,Epic,AEFPSe,Sakura+Sumi,28:00:00,3.75%,1.5%,5.0%,5.0%,Merry Cherry
Chikipea,U,Rare,AEIP,air+plant+light+earth,19:00:00,2.6%,10.0%,1.0%,1.0%,Yellow Eyed Peas
Chimmit,U,Rare,DILW,water+light+lightning+dark,15:00:00,3.0%,10.0%,1.0%,1.0%,Experienced Piscator
Chimneypuff,C,Rare,AD,air+dark,23:00:00,5.0%,4.0%,1.0%,1.0%,Swift Sweeper
Chitin,C,Rare,DM,dark+metal,26:00:00,4.0%,4.0%,1.0%,1.0%,Creepy Crawler
Chomp,U,Rare,DEFP,Stygian+plant+earth,24:00:00,3.0%,1.5%,5.0%,5.0%,Systematic Muncher
Chorister,U,Epic,EIMeMP,Harmony+Yule,20:00:00,3.8%,1.5%,5.0%,5.0%,Achoired Taste
Chromacorn,U,Epic,ACDEFILMPRbRW,rift+Double Rainbow+Rainbow,48:00:00,0.5%,0.0%,0.0%,0.25%,Chromatic Cave
Chrome,C,Hybrid,AM,air+metal,5:00:00,*%,10.0%,1.0%,1.0%,Ride Eternal
Chrysalis,C,Epic,ChCEF,Swallowtail+Duskwing,33:20:00,6.0%,5.0%,?%,?%,Mega Metamorphosis
Chuck,U,Rare,DEFM,Apex+Combustion,16:00:00,3.5%,1.5%,5.0%,5.0%,Wood Cutter
Clairvoyant,U,Rare,CDI,dark+cold+light,12:00:00,5.0%,1.0%,5.0%,5.0%,Do You See What Icy
Classical,U,Epic,AEFMeMP,Canvas+Rosegold,26:00:00,4.5%,1.5%,5.0%,5.0%,The Composer
Clover,U,Rare,EP,Moss+plant,7:00:00,4.0%,3.0%,1.0%,1.0%,Misfortune Marsh
Coal,U,Rare,EF,fire+earth,12:00:00,7.0%,5.0%,1.0%,1.0%,Forgotten Fuels
Cocoahollow,U,Rare,CEFP,Soot+Conifer,12:00:00,2.0%,0.5%,5.0%,2.0%,Nib Nursery
Cold,C,Primary,C,,12:00:00,$%,0.0%,0.0%,0.0%,
Cold Rift,C,Primary Rift,CR,,48:00:00,$%,0.0%,0.0%,1.0%,Freezey Chaos
Coldcoil,U,Epic,CHiW,water+hidden+cold,19:00:00,3.5%,1.0%,5.0%,5.0%,Chilly Shellebration
Coldforge,C,Rare,CM,cold+metal,20:00:00,5.0%,4.0%,1.0%,1.0%,Wimbledrip's Woe
Combustion,U,Rare,ADFM,dark+fire+air+metal,60:00:00,2.0%,1.5%,1.0%,1.0%,Come-bust-out Some Moves
Comet,C,Galaxy,CEFGaM,[social cave]+Comet,22:00:00,0.0%,10.0%,0.0%,0.0%,Hypersonic Frolic
Conch,C,Rare,MW,water+metal,6:00:00,5.0%,4.0%,1.0%,1.0%,Mollusca Marina
Conifer,C,Rare,CP,cold+plant,18:00:00,5.0%,4.0%,1.0%,1.0%,Brow Mountain
Construct,C,Rare,EIL,Crystal+Sparkles,28:00:00,3.25%,10.0%,1.0%,1.0%,On the Rocks
Copper,C,Hybrid,LM,metal+lightning,20:00:00,*%,10.0%,1.0%,1.0%,Conductive Conundrum
Coral,C,Hybrid,FW,fire+water,11:30:00,*%,10.0%,1.0%,1.0%,Kelpy Corrale
Corrupticorn,U,Epic,ACDEFILMPRbRW,,48:00:00,0.0%,0.0%,0.0%,0.0%,Beauty in Shadow
Corsair,U,Epic,AELMTrW,Yarr+Djinni,31:00:00,4.15%,10.0%,1.0%,1.0%,Seeking Thrills
Cotton,U,Rare,EFLP,lightning+earth+plant+fire,24:00:00,3.0%,2.0%,1.0%,1.0%,Textile Test
Country,U,Epic,CEIMePW,Seed+Harvest Moon,26:00:00,3.8%,1.5%,5.0%,5.0%,Howdy
Crackle,U,Epic,CEHiLW,Stoneshell+Minchi,23:00:00,3.1%,1.5%,5.0%,5.0%,One Shell of a Dragon
Crawler,U,Rare,CDW,water+Manomano+dark,14:00:00,4.75%,10.0%,1.0%,1.0%,Snap Back
Crypt,C,Hybrid,CD,dark+cold,17:30:00,*%,10.0%,1.0%,1.0%,Creeper Keeper
Crystal,C,Hybrid,EL,earth+lightning,24:00:00,*%,10.0%,1.0%,1.0%,Fractal Fever
Cuddlewing,U,Rare,EFLP,Tree+Love,28:00:00,5.0%,4.0%,1.0%,1.0%,The Snugglening
Cumberpatch,U,Epic,EHiLPW,monolith+Cactus,28:00:00,2.0%,0.5%,5.0%,2.0%,Mammu's Bargain
Cumulus,U,Epic,AEFHiW,Monolith 2+Rain,18:00:00,3.0%,1.0%,5.0%,5.0%,Head in the Clouds
Cupido,U,Epic,AuCEFLP,Stoneheart+Sweetheart,26:00:00,4.1%,1.0%,5.0%,5.0%,Lovestruck
Curlyleaf,U,Epic,EHiILPSeW,,17:21:40,0.0%,0.0%,0.0%,0.0%,Go Green Every Day
Current,C,Rare,LW,lightning+water,16:00:00,5.0%,4.0%,1.0%,1.0%,Sparkflow Connection
Curse,U,Epic,ACLMTrW,Alure+Misfortune,32:00:00,4.25%,1.0%,5.0%,5.0%,Malediction
Cyclamen,U,Epic,AuDEF,fire+dark+earth,18:00:00,3.0%,1.0%,5.0%,5.0%,Depression Secession
Cyclone,C,Rare,AL,lightning+air,18:00:00,5.0%,4.0%,1.0%,1.0%,Witchitoto Plains
Cyclops,C,Epic,LMOlW,lightning+metal+water,33:00:00,3.0%,2.0%,?%,?%,Sights Unseen
Daffadowndilly,U,Epic,AuEFW,fire+earth+water,15:00:00,3.0%,1.0%,5.0%,5.0%,Trial of Denial
Dandelion,C,Rare,AP,air+plant,7:30:00,5.0%,4.0%,1.0%,1.0%,Breeze Floating
Dapplethorn,C,Rare,DW,water+dark,18:00:00,3.0%,10.0%,1.0%,1.0%,A Thorn in the Side
Darcowl,U,Rare,DEM,dark+earth+metal,23:00:00,1.75%,1.5%,0.75%,0.75%,Covert Galantry
Dargon,U,Rare,F,[1 elements],14:00:00,4.0%,3.0%,1.0%,1.0%,Dragon Dragon
Dark,C,Primary,D,,13:00:00,$%,0.0%,0.0%,0.0%,
Dark Rift,C,Primary Rift,DR,,48:00:00,$%,0.0%,0.0%,1.0%,Adrift in the Rift
Darkling,C,Rare,DL,lightning+dark,14:00:00,3.0%,2.0%,1.0%,1.0%,The Bolts of Faridat
Darkmatter,U,Epic,CDLMoPRb,[night]+Nightbloom+Aurora,25:00:00,2.0%,1.0%,5.0%,5.0%,You Matter
Dartwing,U,Rare,MP,metal+plant,23:00:00,4.0%,1.0%,1.0%,1.0%,Fleetly Flittering
Dash,U,Rare,ADI,dark+light+air,32:00:00,0.5%,1.5%,0.75%,0.75%,Speedy Sense
Davinese,U,Rare,ALW,Vortex+Cyclone,14:50:50,4.5%,10.0%,1.0%,1.0%,Flying The Friendly Skies
Dawn,U,Epic,CLMoSu,Sun+Moon+[day],20:00:00,1.0%,1.0%,?%,?%,The Awakening
Dawnbringer,U,Epic,ADFOl,dark+fire+air,35:00:00,1.5%,2.0%,5.0%,5.0%,Sun Salute
Daydream,C,Epic,ADDrI,Hypnotic+Mirage,29:00:00,2.0%,1.0%,?%,?%,Reverie Quarry
Daylily,C,Rare,AFP,air+fire+plant,16:00:00,5.0%,3.5%,1.0%,1.0%,Daily Lily
Dazzle,U,Epic,DLMoSu,sun+moon+lightning+dark,17:00:00,2.0%,1.5%,0.75%,0.75%,A Star is Bred
Dazzling,U,Epic,CEFOrP,ornamental,55:00:00,0.5%,0.5%,0.25%,0.5%,Fulgent Foray
Decay,A,Rare,CEF,fire+cold+earth,24:00:00,4.0%,0.0%,0.0%,?%,Land Without Candy
Delicia,U,Epic,ACDDrEFILMPW,dream+Glimmerwing,30:00:00,2.0%,1.0%,1.0%,1.0%,D for Delici(ous)
Delight,U,Epic,AuCFP,fire+plant+cold,36:00:00,3.0%,1.0%,?%,?%,Manic Antics
Delirium,U,Epic,ADrEF,Hypnotic+Dream,24:00:00,2.0%,2.0%,?%,?%,Final Fever
Derecho,C,Rare,AC,cold+air,16:00:00,2.5%,4.0%,1.0%,1.0%,Adrenaline Rush
Diamond,U,Gemstone,CGeMW,Ice+Mine,30:00:00,3.0%,3.0%,5.0%,5.0%,Carbon Craze
Diggy,U,Epic,ADEFHiPW,Bloatato+Gourd,30:00:00,2.25%,1.0%,5.0%,5.0%,Diggy Diggy Hole
Dittoglide,C,Epic,ChCEFP,Duskwing+Lacewing,15:00:00,2.0%,1.0%,?%,?%,Frequent Flier
Divi,U,Rare,AEIP,Rosebud+Buttercup,18:00:00,2.8%,10.0%,1.0%,1.0%,Rosa Rubiginosa
Djinni,U,Epic,ALMTrW,water+metal+air+lightning,48:00:00,0.5%,1.0%,5.0%,5.0%,Cave of Wanderers
Dodo,C,Rare,AE,air+earth,16:00:00,5.0%,4.0%,1.0%,1.0%,Fight or Fight
Dortal,U,Rare,ADIP,Iden+Kwall,17:00:00,3.5%,10.0%,1.0%,1.0%,Ribgate
Double Leap Year,U,Epic,ACDEFILMPRbW,[4 elements],29:00:00,3.0%,1.0%,?%,?%,Twice Leapt Valley
Double Rainbow,C,Epic,ACDEFILMPRbW,[4 elements],60:00:00,0.5%,0.5%,0.25%,0.25%,Doublehue Ditch
Dracabra,U,Rare,EFLP,Decay+Lycan,12:00:00,4.0%,1.5%,1.0%,1.0%,Hanging In There
Dream,C,Epic,ACDDrEFILMPW,[4 elements]+dark+light,50:00:00,1.0%,1.0%,?%,?%,Island of Illusions
Drifter,C,Rare,MW,water+metal,6:00:00,4.0%,4.0%,1.0%,1.0%,Flowing Riffs
Dungeon,C,Hybrid,DF,dark+fire,15:00:00,*%,10.0%,1.0%,1.0%,Boss Stage
Dusk,U,Epic,CLMoSu,Sun+[night]+Moon,20:00:00,1.0%,1.0%,?%,?%,Half-light Hunt
Duskwing,C,Epic,ChEFP,Chrysalis+Lacewing,33:20:00,6.0%,1.0%,?%,?%,Twilight Flight
Earth,C,Primary,E,,2:00:00,$%,0.0%,0.0%,0.0%,
Earth Rift,C,Primary Rift,ER,,48:00:00,$%,0.0%,0.0%,1.0%,A Rift Aground
Efreet,U,Epic,ACFLMPTrW,Misfortune+Djinni,26:00:00,4.3%,1.5%,5.0%,5.0%,Ominous Wishes
Eldritch,A,Rare,CEFP,earth+fire+cold+plant,24:00:00,0.2%,1.5%,0.75%,0.75%,Shrouded in Mystery
Electrum,C,Epic,LMTr,lightning+metal,47:30:00,2.5%,2.0%,?%,?%,Stater's Stash
Elegant,U,Epic,IMoPSu,moon+sun+plant+light,12:00:00,2.0%,1.5%,0.75%,0.75%,Grand Entrance
Elkar,U,Rare,CEP,Snowflake 7+Reindeer,26:00:00,3.0%,10.0%,1.0%,1.0%,Let It Snow
Elysium,U,Epic,ADrEILOl,Gold Olympus+Dream,48:00:00,6.0%,2.0%,?%,?%,West Wind Warning
Ember,C,Hybrid,FI,fire+light,8:00:00,*%,10.0%,1.0%,1.0%,Conflagration Course
Embossed,U,Rare,CELM,earth+lightning+cold+metal,36:00:00,0.5%,2.0%,30.0%,30.0%,Alloy Analysis
Emerald,U,Gemstone,CEGeLP,Crystal+Lichen,31:00:00,3.0%,3.0%,5.0%,5.0%,The Sedna Mountains
Enfis,U,Epic,ACDEFILMPRbW,[4 elements],29:00:00,3.0%,3.0%,5.0%,5.0%,Slippery Companion
Entwined,U,Epic,AuCEFLP,Love+Sweetheart,26:00:00,2.5%,4.0%,1.0%,1.0%,Partner In Crime
Epoch,U,Rare,CELP,Bearded+Bloom,31:00:00,12.0%,1.0%,5.0%,5.0%,The Great Sneeze
Equinox,U,Epic,AFMoSuW,water+Blazing,24:00:00,3.0%,2.0%,?%,?%,Hemisphere Mutineer
Eridanian,C,Galaxy,CEGaIP,[social cave]+Eridanian,18:00:00,0.0%,5.0%,0.0%,0.0%,Stellar Core
Etch,C,Rare,DP,dark+plant,12:00:00,5.0%,10.0%,1.0%,1.0%,Heart Of The Swamp
Euryale,U,Rare,DIW,Mylio+Ikatako,24:00:00,4.0%,1.0%,5.0%,5.0%,Rock the Boat
Eve,C,Epic,CMSfW,metal+water+cold,23:00:00,1.0%,1.5%,1.0%,1.0%,Silverfalls Gorge
Everfrost,U,Rare,CEFP,Starshine+Dazzling,16:00:00,3.95%,10.0%,1.0%,1.0%,Stay Frosty
Evergreen,C,Hybrid,CP,cold+plant,10:00:00,*%,10.0%,1.0%,1.0%,Neverblue Woods
Exandrew,U,Rare,AEF,fire+air+earth,24:00:00,3.0%,5.0%,5.0%,5.0%,Roll For Initiative
Fae,U,Epic,ADDrIW,Snooz+Glasswing,26:00:00,4.0%,1.0%,5.0%,5.0%,A Magical Puff
Faire,U,Rare,CLMP,metal+plant+cold+lightning,54:00:00,0.5%,1.0%,0.25%,0.25%,Fair is Fair
Fates,U,Epic,FOlPW,plant+fire+water,20:00:00,1.5%,1.0%,5.0%,5.0%,Triad Trench
Faux,C,Epic,ChCEFP,Swallowtail+Glowwing,19:05:00,2.0%,1.0%,?%,?%,Monster Mimicry
Feast,U,Rare,EIP,light+earth+plant,24:00:00,5.0%,2.0%,1.0%,1.0%,The Fattening
Festive,U,Epic,CEPSf,cold+earth+plant,25:00:00,1.5%,1.5%,1.0%,1.0%,Jingle Jangle
Fever,C,Rare,CF,cold+fire,9:00:00,3.5%,4.0%,1.0%,1.0%,Cold Sweat
Fire,C,Primary,F,,0:05:00,$%,0.0%,0.0%,0.0%,
Fire Rift,C,Primary Rift,FR,,48:00:00,$%,0.0%,0.0%,1.0%,Chaotic Encounter
Fireflight,U,Rare,AF,air+fire,22:00:00,4.0%,1.5%,1.0%,1.0%,Hot Air Hullabaloo
Firefly,C,Hybrid,FL,fire+lightning,3:00:00,*%,10.0%,1.0%,1.0%,Cold Light Chase
Firework,U,Rare,AF,air+fire,6:00:00,4.0%,2.5%,1.0%,1.0%,Explosions in the Sky
Fissure,C,Rare,DE,earth+dark,15:00:00,5.0%,4.0%,1.0%,1.0%,Laki Chasm
Flash,C,Hybrid,IL,lightning+light,6:00:00,*%,10.0%,1.0%,1.0%,Scarlet Sprint
Flicker,U,Epic,CEFOrP,Gift+earth,25:00:00,4.0%,1.0%,5.0%,5.0%,Glimmer Grotto
Flickerflame,C,Rare,CF,cold+fire,14:00:00,5.0%,10.0%,1.0%,1.0%,Flame and Flicker
Florea,U,Rare,AEFP,Rosebud+Woodvine,28:00:00,4.5%,10.0%,1.0%,1.0%,The Perfect Caregiver
Flower,C,Hybrid,FP,fire+plant,1:00:00,*%,10.0%,1.0%,1.0%,Floral Quarrel
Flowerhop,U,Rare,AEIP,air+plant+earth+light,22:00:00,3.0%,10.0%,1.0%,1.0%,Treehop Time
Fluffles,U,Rare,ACI,cold+air+light,16:00:00,4.5%,10.0%,1.0%,1.0%,Huggie Snuggie
Fluorescent,C,Rare,CI,cold+light,11:00:00,5.0%,4.0%,1.0%,1.0%,Debunking Spelunking
Flurry,U,Rare,ACW,air+cold+water,18:00:00,4.0%,1.5%,1.0%,1.0%,It Came From the Clouds
Fog,C,Hybrid,AW,air+water,8:00:00,*%,10.0%,1.0%,1.0%,Miasma Menace
Fomhar,U,Epic,ACFPSe,Autumn+Seasonal,23:00:00,3.25%,10.0%,1.0%,1.0%,Pillar of Autumn
Forest,C,Rare,EP,plant+earth,4:00:00,5.0%,4.0%,1.0%,1.0%,Copse Consternation
Forge,C,Hybrid,FM,metal+fire,24:00:00,*%,10.0%,1.0%,1.0%,Smithy Snafu
Frond,C,Rare,PW,plant+water,14:00:00,5.0%,10.0%,1.0%,1.0%,Righteous Relaxation
Frons,U,Epic,HiMP,metal+plant+hidden,21:00:00,2.0%,1.0%,5.0%,5.0%,Falling for You
Frostbite,C,Rare,CD,dark+cold,4:00:00,5.0%,4.0%,1.0%,1.0%,Icebitten
Frostfire,C,Rare,CF,cold+fire,12:00:00,5.0%,4.0%,1.0%,1.0%,Palagos Islands
Frostflower,C,Rare,CP,plant+cold,10:00:00,5.0%,4.0%,1.0%,1.0%,Just Right Gauntlet
Frostfluff,C,Rare,CER,rift+cold+[rift align:cold]+earth,0:00:00,3.0%,0.0%,0.0%,1.0%,Fluff Bluff
Fuefuego,U,Rare,EFIM,earth+Armament+fire,26:00:00,4.25%,10.0%,1.0%,1.0%,Dare Devil
Fulgurite,C,Rare,EL,earth+lightning,16:00:00,2.25%,4.0%,1.0%,1.0%,Charged Assumptions
Fungus,C,Hybrid,DP,dark+plant,13:00:00,*%,10.0%,1.0%,1.0%,Blight Blockade
Funis,A,Rare,FIPW,Wick+Bog,16:00:00,5.0%,10.0%,1.0%,1.0%,Nope Rope
Fury,U,Epic,AApCELMP,Misfortune+Snowpocalypse,46:00:00,3.0%,1.0%,5.0%,5.0%,Inception Misconception
Fushi,U,Rare,AEIP,plant+air+Flowerhop,28:00:00,4.5%,10.0%,1.0%,1.0%,An Experimental Surprise
Gamma,C,Hybrid,IL,light+lightning,19:00:00,*%,10.0%,1.0%,1.0%,Ray of Rage
Garden,U,Rare,EP,earth+plant,12:00:00,4.0%,1.5%,1.0%,1.0%,Gardenia's Grace
Gargoyle,U,Rare,ELPW,monolith+Trick,15:00:00,4.0%,1.5%,1.0%,1.0%,Gravel Gathering
Garland,U,Rare,EFLP,lightning+earth+plant+fire,24:00:00,3.0%,2.0%,1.0%,1.0%,Laurel Lament
Garnet,U,Gemstone,AEFGe,Obsidian+Smoke,31:00:00,3.0%,3.0%,5.0%,5.0%,Crimson Canyon
Gatren,U,Rare,CDEF,Eldritch+Oni,19:00:00,3.0%,1.5%,1.0%,1.0%,When Life Gives You Limestones
Gawk,U,Epic,AFIMPTrW,Regal+Gold,22:00:00,4.0%,1.5%,5.0%,5.0%,Bird of Paradise
Geminian,U,Epic,ADFIZo,air+Sunstruck,23:00:00,3.4%,4.0%,5.0%,5.0%,Synergy
Geode,C,Rare,EW,earth+water,23:00:00,5.0%,4.0%,1.0%,1.0%,Sediment Impediment
Ghast,C,Rare,DIR,[fire trait]+light+dark+rift,0:00:00,5.0%,0.0%,0.0%,1.0%,Phantasm Adrift
Ghost,U,Rare,CE,earth+cold,15:30:00,5.0%,4.0%,1.0%,1.0%,Poltergeist Heist
Ghostly Bone,U,Rare,EF,Ghostly Earth+Ghostly Fire,10:00:00,3.0%,10.0%,10.0%,10.0%,Macabre Marrow
Ghostly Coal,U,Rare,EF,Ghostly Earth+Ghostly Fire,12:00:00,3.0%,10.0%,10.0%,10.0%,Canary's Revenge
Ghostly Cold,U,Rare,C,,12:00:00,0.0%,0.0%,0.0%,0.0%,
Ghostly Decay,U,Rare,CEF,Ghostly Cold+Ghostly Obsidian,24:00:00,3.0%,10.0%,10.0%,10.0%,Land of the Unsweetened
Ghostly Earth,U,Rare,E,,2:00:00,0.0%,0.0%,0.0%,0.0%,
Ghostly Evergreen,U,Rare,CP,Ghostly Cold+Ghostly Plant,12:00:00,3.0%,10.0%,10.0%,10.0%,Poltergeist Pine
Ghostly Fire,U,Rare,F,,0:05:00,0.0%,0.0%,0.0%,0.0%,
Ghostly Flower,U,Rare,FP,Ghostly Plant+Ghostly Fire,1:00:00,3.0%,10.0%,10.0%,10.0%,Audrey Two
Ghostly Ghost,U,Rare,CE,Ghostly Cold+Ghostly Earth,15:30:00,3.0%,10.0%,10.0%,10.0%,Apparent Apparition
Ghostly Gift,U,Rare,CFP,Ghostly Fire+Ghostly Evergreen,12:25:00,3.0%,10.0%,10.0%,10.0%,Forever Wrapped
Ghostly Glacier,U,Rare,CE,Ghostly Cold+Ghostly Earth,11:00:00,3.0%,10.0%,10.0%,10.0%,The Floe Beyond
Ghostly Krampus,U,Rare,CEF,Ghostly Coal+Ghostly Cold,25:00:00,3.0%,10.0%,10.0%,10.0%,Worse Than Coal...
Ghostly Kringle,U,Rare,CEFP,Ghostly Earth+Ghostly Trinket,25:00:00,3.0%,10.0%,10.0%,10.0%,Ebenezer's Enemy
Ghostly Lava,U,Rare,EF,Ghostly Earth+Ghostly Fire,11:00:00,3.0%,10.0%,10.0%,10.0%,Morbid Molten Motive
Ghostly Lichen,U,Rare,CP,Ghostly Cold+Ghostly Plant,8:00:00,3.0%,10.0%,10.0%,10.0%,Likely a Lich
Ghostly Moss,U,Rare,EP,Ghostly Earth+Ghostly Plant,12:00:00,3.0%,10.0%,10.0%,10.0%,A Swamp Thing
Ghostly Mountain,U,Rare,CE,Ghostly Earth+Ghostly Cold,15:00:00,3.0%,10.0%,10.0%,10.0%,Summit Scare
Ghostly Nosferatu,U,Rare,CEF,Ghostly Fire+Ghostly Mountain,13:00:00,3.0%,10.0%,10.0%,10.0%,Whitbee's Visitation
Ghostly Obsidian,U,Rare,EF,Ghostly Earth+Ghostly Fire,9:00:00,3.0%,10.0%,10.0%,10.0%,The Haunting of Wrothmoore
Ghostly Oni,U,Rare,CEF,Ghostly Lava+Ghostly Cold,12:00:00,3.0%,10.0%,10.0%,10.0%,Home Sweet Horror
Ghostly Plant,U,Rare,P,,0:00:05,0.0%,0.0%,0.0%,0.0%,
Ghostly Poison,U,Rare,FP,Ghostly Plant+Ghostly Fire,0:30:00,3.0%,10.0%,10.0%,10.0%,Rocky Horror Tincture Show
Ghostly Spectre,U,Rare,CE,Ghostly Earth+Ghostly Cold,12:00:00,3.0%,10.0%,10.0%,10.0%,A Telltale Return
Ghostly Spirit,U,Rare,CE,Ghostly Ghost+Ghostly Spectre,15:00:00,3.0%,10.0%,10.0%,10.0%,Visitation Manifestation
Ghostly Tree,U,Rare,EP,Ghostly Plant+Ghostly Earth,14:00:00,3.0%,10.0%,10.0%,10.0%,Spectral Spruce
Ghostly Trinket,U,Rare,CFP,Ghostly Poison+Ghostly Cold,12:00:00,3.0%,10.0%,10.0%,10.0%,Pandora's Box
Giddle,U,Rare,EIP,earth+light+plant,20:00:00,3.0%,1.5%,1.0%,5.0%,The Perfect Gift
Gift,U,Rare,CFP,plant+cold+fire,12:25:00,7.0%,5.0%,1.0%,1.0%,Giving Gulch
Gildamane,C,Epic,ChCEFP,Lacewing+Starwing,15:47:30,2.0%,1.0%,?%,?%,The Wise Way
Glacier,C,Hybrid,CE,cold+earth,10:00:00,*%,10.0%,1.0%,1.0%,Below the Floe
Glare,C,Hybrid,CI,cold+light,9:30:00,*%,10.0%,1.0%,1.0%,Caves of Ramora
Glass,C,Hybrid,EI,earth+light,12:30:00,*%,10.0%,1.0%,1.0%,Silica Valley
Glassia,U,Epic,AAuEFIP,Murano+Rose,34:00:00,2.85%,1.5%,5.0%,5.0%,Heart of Roses
Glasswing,U,Epic,ADDrI,Daydream+dark+light,30:00:00,3.75%,10.0%,1.0%,1.0%,It's Real Glass
Glimmerwing,C,Galaxy,EGaLMW,Glimmerwing+[social cave],23:00:00,0.0%,1.0%,0.0%,0.0%,Glimmering Gorge
Glitz,U,Epic,CEFOr,Yanghis+Jadice,24:00:00,4.1%,1.0%,5.0%,5.0%,Sparkle Startle
Glowwing,C,Epic,ChCEFP,Starwing+chrysalis,31:00:00,1.0%,1.0%,5.0%,5.0%,Everflowering Fields
Glyph,U,Epic,AEMhW,,16:00:00,0.0%,0.0%,0.0%,0.0%,Deep Slumber
Gold,C,Epic,FMTr,fire+metal,48:00:00,2.0%,1.0%,?%,?%,Carat Coulee
Gold Olympus,C,Epic,ELOl,lightning+air+earth,35:00:00,1.5%,1.0%,?%,?%,Herculean Effort
Gourd,U,Rare,DEFP,Root+Pepper,30:51:56,4.0%,3.0%,1.0%,1.0%,Pumpkin Patch
Grace,U,Epic,AuEILW,Cuddlewing+water+light,22:00:00,2.5%,4.0%,1.0%,1.0%,Two Beautiful Heads
Gravity,C,Galaxy,ADEGaW,Gravity+[social cave],20:00:00,0.0%,10.0%,0.0%,0.0%,Gravity Falls
Greenge,U,Epic,CEFIOr,Burglehoo+Yule,20:00:00,2.0%,1.0%,5.0%,5.0%,Grumpy Wumpy
Grimoire,U,Rare,ACDI,air+cold+light+dark,18:00:00,3.2%,10.0%,1.0%,1.0%,Book of Evil
Grove,U,Rare,PW,Frond+Honuhonu,17:00:00,3.0%,1.0%,1.0%,1.0%,Slow Show
Gryphus,U,Rare,AEI,light+earth+air,18:00:00,2.5%,4.0%,1.0%,1.0%,Time to Send a Letter
Gulletail,U,Epic,CEFLMOrP,,12:00:00,0.0%,0.0%,0.0%,0.0%,Quite the Appetite
Hail,C,Hybrid,CL,lightning+cold,8:00:00,*%,10.0%,1.0%,1.0%,The Barragening
Hakahaka,U,Rare,EFIP,light+plant+fire+earth,19:00:00,2.0%,1.5%,1.0%,1.0%,Resolute Ritual
Halo,C,Rare,AI,light+air,12:00:00,3.0%,2.0%,1.0%,1.0%,Paradise Palisade
Hanno,U,Rare,PW,water+plant,20:00:00,3.0%,5.0%,5.0%,5.0%,The Life of the Party
Harmony,U,Epic,MOrP,Iron Blossom+ornamental,30:00:00,3.0%,1.5%,1.0%,1.0%,Down With Dissonance
Harvest,U,Rare,EPW,plant+earth+water,18:00:00,5.0%,2.0%,1.0%,1.0%,Fruitful Feat
Harvest Moon,U,Epic,CELMoPW,Moon+Harvest,18:00:00,5.0%,1.0%,5.0%,5.0%,Marigold Moon
Heat,C,Hybrid,FI,light+fire,12:00:00,*%,10.0%,1.0%,1.0%,Thermodynamic Panic
Heavy Metal,U,Epic,LMeMP,Wrath+Thrasher,26:00:00,3.8%,1.5%,5.0%,5.0%,Riff Master
Hedera,U,Epic,EMhPW,,24:00:00,0.0%,0.0%,0.0%,0.0%,Creeping Charlie
Herald,U,Epic,CILOl,light+cold+lightning,34:00:00,3.0%,2.0%,5.0%,5.0%,Extre Extre Endeavor
Hidden Bolt,U,Rare,DL,dark+lightning,22:00:00,4.0%,1.5%,1.0%,1.0%,Spark in the Dark
Holly,U,Rare,CEP,Mistletoe+Evergreen,24:00:00,12.0%,2.5%,1.0%,1.0%,Wreaths Wrath
Honeyglow,U,Epic,AuEFIP,Ambrosia+Nectar,31:00:00,3.0%,1.0%,1.0%,1.0%,Thousand Acre Woods
Honuhonu,U,Rare,PW,Tidepool+Sunscorch,18:00:00,2.0%,1.5%,1.0%,1.0%,Seaside Shellslide
Hooded,U,Rare,FLMP,plant+lightning+fire+metal,12:00:00,1.5%,2.0%,1.0%,1.0%,Sssensational Sojourn
Howl,C,Hybrid,AD,dark+air,12:30:00,*%,10.0%,1.0%,1.0%,Allengin Pass
Huddle,U,Rare,EIP,Harvest+Karroot,22:00:00,3.75%,10.0%,1.0%,1.0%,Golden-brown Feathers
Humuhumu,U,Rare,IW,Lagoon+Party,16:00:00,2.0%,1.5%,1.0%,1.0%,Reef Research
Hydnellum,U,Epic,ApCEF,Wendigo+apocalypse,24:00:00,4.0%,1.0%,5.0%,5.0%,A Fungus
Hydra,C,Epic,ELOlW,Quake+Current,34:00:00,3.0%,2.0%,?%,?%,Leviathan Caverns
Hyperion,U,Epic,AApCELMP,Narcis+Fury,70:00:00,2.0%,1.5%,1.0%,1.0%,Powerful Presence
Hypnotic,C,Hybrid,AI,air+light,21:30:00,*%,10.0%,1.0%,1.0%,Mesmeric Mausoleum
Ice,C,Hybrid,CW,water+cold,8:00:00,*%,10.0%,1.0%,1.0%,Flash Freeze
Iceberg,C,Hybrid,CW,cold+water,8:00:00,*%,10.0%,1.0%,1.0%,Broken Ice Shelf
Icebound,U,Rare,ACW,water+cold+air,19:00:00,5.0%,1.5%,1.0%,1.0%,Icy Encounters
Ichigo,U,Rare,EIPW,earth+plant+Berry,17:00:00,3.1%,10.0%,1.0%,1.0%,Strawberry Nice
Icy Torrent,U,Rare,CW,water+cold,22:00:00,4.0%,1.5%,1.0%,1.0%,Glacial Dig
Iden,A,Epic,ADDrP,Charlatan+Nightbloom,24:00:00,2.0%,1.5%,0.75%,0.75%,Reaching For The Scarlet Moon
Igluit,U,Epic,ACHiW,hidden+Icebound,15:00:00,3.9%,1.0%,5.0%,5.0%,Free Real Estate
Ignaqtus,C,Rare,FW,water+fire,18:00:00,3.0%,10.0%,1.0%,1.0%,Firewater
Ignis,U,Epic,AFHi,air+hidden+fire,20:00:00,3.0%,1.0%,5.0%,5.0%,Ignite the Sky
Ignite,C,Rare,FL,fire+lightning,16:00:00,2.5%,4.0%,1.0%,1.0%,The Uncertainty Antithesis
Ikatako,U,Rare,DELW,Tidal+Ooze,16:00:00,4.5%,10.0%,1.0%,1.0%,Tentacle Tickle
Inferno,C,Rare,AF,fire+air,8:00:00,5.0%,4.0%,1.0%,1.0%,Dante's Dungeon
Infernus,A,Rare,CFW,cold+fire+water,16:00:00,2.0%,10.0%,1.0%,1.0%,Soothing Waters
Infrared,C,Rare,FI,fire+light,10:00:00,5.0%,4.0%,1.0%,1.0%,Concentrated Fire Magic
Invento,U,Rare,AILW,air+light+Davinese,14:50:50,4.5%,10.0%,1.0%,1.0%,Deep Dive
Ire,U,Epic,AuEFP,earth+fire+plant,12:00:00,6.0%,1.0%,?%,?%,Isle of Indignation
Iridescent,C,Rare,AI,light+air,13:00:00,5.0%,4.0%,1.0%,1.0%,Chroma Chasm
Iron,C,Hybrid,EM,earth+metal,4:00:00,*%,10.0%,1.0%,1.0%,Iron Will
Iron Blossom,U,Rare,MP,plant+metal,22:00:00,4.0%,1.5%,1.0%,1.0%,Riddle Rabble
Ironwood,C,Rare,MP,plant+metal,12:00:00,5.0%,4.0%,1.0%,1.0%,Tessa's Trek
Ironwrought,U,Rare,AEMW,air+water+metal+earth,12:00:00,3.0%,2.0%,1.0%,1.0%,Pumpermelon Pull
Ivy,C,Rare,LP,lightning+plant,14:00:00,5.0%,4.0%,1.0%,1.0%,Hall of Hedera
Jackpot,U,Epic,EFMPTr,Gold+Loot,27:00:00,3.77%,1.5%,5.0%,5.0%,Get Lucky
Jade,U,Gemstone,FGeLW,Plasma+Salamander,30:26:15,3.0%,3.0%,5.0%,5.0%,Catacombs of Ulmek
Jadice,U,Epic,CEFIOrW,,12:00:00,0.0%,0.0%,0.0%,0.0%,Fiercely Frosted
Jamjam,U,Rare,CEFP,Jingle+Regift,15:00:00,3.0%,10.0%,1.0%,1.0%,Raining Presents
Jasper,U,Gemstone,ACrIMP,Hypnotic+Malachite,35:00:00,3.0%,3.0%,5.0%,5.0%,Speckled Spelunking
Jet,U,Gemstone,CFGeLP,Frostfire+Ash,30:00:00,3.0%,3.0%,5.0%,5.0%,Lignite Night
Jetstream,C,Rare,AC,air+cold,10:00:00,5.0%,4.0%,1.0%,1.0%,Conspiracy Bluff
Jingle,U,Rare,CEFP,fire+Mistletoe,15:00:00,2.5%,1.5%,1.0%,1.0%,Ringing Wrangle
Jumpiplop,U,Rare,ADPW,Riptide+Psyche,24:00:00,3.5%,10.0%,1.0%,1.0%,Splash Zone
Kage,U,Epic,ApCEFLP,Wrath+Eldritch,23:00:00,4.0%,1.0%,5.0%,5.0%,Shadowy Visitor
Kaiju,U,Epic,DFSfW,fire+water+dark,30:00:00,1.5%,1.5%,1.0%,1.0%,Cancelling the Apocalypse
Kampos,C,Rare,ARW,rift+[water trait],0:00:00,3.0%,0.0%,0.0%,1.0%,Ye Olde Rescue
Kann,U,Epic,CLPSuW,Sun+Hanno,36:00:00,4.5%,1.0%,5.0%,5.0%,Slither Hither
Karroot,U,Epic,DEHiIPSe,,14:35:00,0.0%,0.0%,0.0%,0.0%,I Am Root!
Ketu,U,Rare,ACD,cold+air+dark,20:00:00,3.0%,4.0%,1.0%,1.0%,Hares Everywhere
Keyper,U,Rare,DMP,Razortail+Etch,18:00:00,3.5%,1.0%,5.0%,5.0%,Master Key
Khamsin,C,Rare,AE,earth+air,12:00:00,5.0%,10.0%,1.0%,1.0%,Dust Storm
Kite,U,Rare,ALM,metal+lightning+air,22:00:00,4.0%,3.0%,1.0%,1.0%,The Skies of Faridat
Knarr,U,Epic,ACESf,air+cold+earth,28:00:00,1.5%,1.5%,1.0%,1.0%,Starboard Bound
Kotun,U,Rare,ACDE,Lokilure+Ketu,32:00:00,3.4%,10.0%,1.0%,1.0%,Tales of Icebrand
Krampus,U,Rare,CEF,cold+Coal,25:00:00,2.0%,1.5%,1.0%,1.0%,Iceberry Gobbling
Kringle,U,Rare,CEFP,earth+Trinket,25:00:00,2.0%,1.5%,1.0%,1.0%,Checking it Twice
Kroki,U,Rare,AEFP,plant+earth+Daylily,28:00:00,4.5%,10.0%,1.0%,1.0%,Bug-eyed Bloom
Kwall,A,Rare,DIPW,light+water+plant,19:00:00,3.0%,1.5%,0.75%,0.75%,Let's See This Through
Labradorite,U,Gemstone,ACCrFM,Blue Fire+Chrome,36:00:00,3.0%,3.0%,5.0%,5.0%,Retrieve & Retreat
Lace,U,Epic,EFOrP,plant+Coal,31:00:00,3.0%,1.0%,?%,?%,Doily Dash
Lacewing,C,Epic,ChCEFP,Marbletail+Duskwing,41:20:00,3.0%,1.0%,?%,?%,Filigree Falls
Lacuna,C,Rare,DIR,[mirage water trait]+Shadow+Mirage+rift+[shadow air trait],0:00:00,3.0%,0.0%,0.0%,1.0%,Lake of the Abyss
Lageto,U,Epic,ACLSu,Midday+cold+air,24:00:00,2.5%,4.0%,1.0%,1.0%,A Good Scoop
Lagoon,C,Rare,IW,water+light,12:00:00,5.0%,4.0%,1.0%,1.0%,Highlands Havoc
Lapis,U,Gemstone,AEGeL,Thunder+Sandstorm,32:00:00,3.0%,3.0%,5.0%,5.0%,Ultramarine Scene
Lava,C,Hybrid,EF,fire+earth,10:00:00,*%,10.0%,1.0%,1.0%,Molten Motive
Lazuli,U,Epic,EFMPTrW,Scarab+Bronze,24:00:00,4.0%,1.5%,5.0%,5.0%,Dolphins Of The Sky
Leaf,U,Epic,IPSeW,water+light+plant,37:00:00,3.0%,2.0%,?%,?%,Photosynthetic Folly
Leap Year,U,Epic,ACDEFILMPRbW,[4 elements],14:30:00,4.0%,1.0%,?%,?%,Intercalary Anarchy
Leathery,U,Rare,CEFL,fire+cold+lightning+earth,36:00:00,3.0%,2.0%,1.0%,1.0%,Hide & Seek
Leonian,U,Epic,AFLZo,Bicentennial+fire,27:00:00,4.0%,10.0%,5.0%,5.0%,Mighty Roar
Liberty,U,Rare,ALM,air+Copper,29:49:00,5.0%,3.0%,1.0%,1.0%,Beacons of Freedom
Libretto,U,Epic,CFOrP,,12:00:00,0.0%,0.0%,0.0%,0.0%,Vocal Victory
Librian,U,Epic,ADFMZo,air+Stygian,24:00:00,3.2%,4.0%,5.0%,5.0%,
Lichen,C,Hybrid,CP,cold+plant,6:00:00,*%,10.0%,1.0%,1.0%,Algae Analogy
Light,C,Primary,I,,10:00:00,$%,0.0%,0.0%,0.0%,
Light Rift,C,Primary Rift,IR,,48:00:00,$%,0.0%,0.0%,1.0%,A Gift in the Rift
Lightmare,U,Epic,ACDDrEFILMMoPW,Moon+Dream,24:00:00,3.5%,1.0%,5.0%,5.0%,Dreamcatcher
Lightmatter,U,Epic,FILRbSu,Prism+[day]+Pharaoh,25:00:00,2.0%,1.0%,5.0%,5.0%,Light Up
Lightning,C,Primary,L,,0:30:00,$%,0.0%,0.0%,0.0%,
Lightning Rift,C,Primary Rift,LR,,48:00:00,$%,0.0%,0.0%,1.0%,Bounceback Bluff
Limulimu,U,Rare,IPW,water+light+plant,14:00:00,5.0%,4.0%,1.0%,1.0%,Maritime Mission
Lodestone,C,Rare,LM,lightning+metal,25:30:00,5.0%,3.0%,1.0%,1.0%,Magnet Junket
Lokilure,U,Epic,CDEFMOr,,12:00:00,0.0%,0.0%,0.0%,0.0%,Tricksy Trickster
Longcicle,U,Rare,ACW,air+water+cold,16:00:00,3.0%,5.0%,5.0%,5.0%,As Long as Winter Itself
Loot,U,Epic,EMPTr,Gold+plant,35:00:00,1.0%,1.0%,?%,?%,Plunder Thunder
Lotus,C,Hybrid,IW,light+water,7:00:00,*%,10.0%,1.0%,1.0%,Transcendent Traversal
Love,U,Rare,FLP,Flower+lightning,5:00:00,4.0%,3.0%,1.0%,1.0%,Heartbreak Hold
Lovesick,U,Rare,EFLP,Cuddlewing+Sweetheart,18:00:00,3.1%,10.0%,1.0%,1.0%,Strongest of Potions
Lovonone,U,Epic,AuCEFLP,Scorn+Cupido,27:00:00,2.9%,1.0%,5.0%,5.0%,True Unity
Luck,U,Epic,EPTr,Misfortune+Clover,15:00:00,4.0%,10.0%,1.0%,1.0%,Lucky Day
Lullaby,U,Epic,ACDDrEFILMeMPW,dream+Serenity,26:00:00,4.5%,1.5%,5.0%,5.0%,Snoring
Lumineux,U,Epic,ACDDrEFILMPW,Love+dream,24:00:00,3.8%,10.0%,1.0%,1.0%,Group Hug
Luminous,C,Hybrid,IP,plant+light,13:00:00,*%,10.0%,1.0%,1.0%,Glowing Gulch
Lunar Eclipse,U,Epic,ACEMoSu,cold+air+earth,48:00:00,3.0%,1.0%,?%,?%,Umbral Plunge
Lunis,C,Galaxy,CDEGaLMo,galaxy+Moon,24:00:00,2.0%,5.0%,0.0%,0.0%,A Lunar Tick
Lunk,U,Rare,CIL,Gamma+Bastion,20:00:00,4.0%,10.0%,1.0%,1.0%,Pumping Metal
Lycan,A,Rare,CLP,plant+lightning+cold,24:00:00,4.0%,1.5%,1.0%,1.0%,Howling Hunt
Lyuba,U,Rare,ACEW,earth+cold+Icebound,14:00:00,3.5%,1.5%,1.0%,1.0%,Preserved In Time
Macabre,A,Epic,ApCDEF,Spectre+Zombie,16:39:36,0.5%,1.5%,0.75%,0.75%,Death Defying
Magnetic,C,Hybrid,LM,lightning+metal,4:00:00,*%,10.0%,1.0%,1.0%,Charisma Chasm
Magnolia,U,Epic,EIPSe,sun+plant,22:00:00,3.0%,3.0%,5.0%,5.0%,Ancient Pink
Malachite,C,Rare,MP,metal+plant,12:00:00,5.0%,4.0%,1.0%,1.0%,Smash Valley
Malefice,U,Rare,CEP,Scourge+Spirit,19:00:00,3.0%,1.5%,0.75%,0.75%,Noisy Neighbour
Manomano,U,Rare,CDW,water+dark+cold,20:30:00,2.0%,1.5%,1.0%,1.0%,Riptide Rush
Mantasu,U,Rare,AELM,earth+air+lightning+metal,17:00:00,4.15%,10.0%,1.0%,1.0%,Desert Sting
Marbletail,C,Epic,ChCEFP,Lacewing+Swallowtail,50:40:00,1.0%,1.0%,?%,?%,Dappled Tale
Margento,U,Epic,ADMoP,Prestige+Lunis,29:00:00,3.0%,1.5%,5.0%,5.0%,Magic Scales
Masque,U,Epic,AAuCEFLP,Moonstruck+Spritely,32:00:00,1.5%,4.0%,1.0%,1.0%,Who Is Behind The Masque
Maw,U,Rare,EFP,Ortreat+Trick,20:00:00,3.0%,1.5%,0.75%,0.75%,Good Mawning
Maze,U,Rare,IPW,plant+Leaf,14:00:00,4.0%,10.0%,1.0%,1.0%,Getting Lost
Meadow,C,Hybrid,IP,light+plant,9:00:00,*%,10.0%,1.0%,1.0%,Eliyse's Clearing
Melancholy,U,Epic,AuCEP,plant+earth+cold,24:00:00,5.0%,1.0%,?%,?%,Swamps of Sadness
Mesmer,U,Epic,AAuCEFLP,Scorn+Masque,30:00:00,3.0%,1.0%,5.0%,5.0%,Snap Back to Reality
Mesmerus,U,Epic,AAuCEFLP,,30:00:00,0.0%,0.0%,0.0%,0.0%,Under Your Spell
Mesolite,U,Gemstone,CrEFIM,Sulfur+Glass,31:00:00,3.0%,3.0%,5.0%,5.0%,Mineral Mire
Metal,C,Primary,M,,8:00:00,$%,0.0%,0.0%,0.0%,
Metal Rift,C,Primary Rift,MR,,48:00:00,$%,0.0%,0.0%,1.0%,Tenacious Drop
Meteor,C,Hybrid,AM,metal+air,14:00:00,*%,10.0%,1.0%,1.0%,Star Shower
Miasma,C,Hybrid,AD,air+dark,10:30:00,*%,10.0%,1.0%,1.0%,Smog Bog
Midday,U,Epic,CLSu,Sun+Dusk+[day],16:00:00,3.0%,1.0%,?%,?%,High Noon Rune
Midnight,U,Epic,CDEMo,Moon+[night]+dark,12:00:00,1.0%,1.0%,?%,?%,The Witching Hour
Minchi,U,Epic,EHiLW,,30:00:00,0.0%,0.0%,0.0%,0.0%,Tough Egg to Crack
Mine,C,Hybrid,CM,metal+cold,10:00:00,*%,10.0%,1.0%,1.0%,Dramorian Delve
Mirage,C,Rare,DI,dark+light,17:00:00,5.0%,4.0%,1.0%,1.0%,Phantasm Chasm
Mirror,C,Rare,IM,light+metal,14:00:00,5.0%,4.0%,1.0%,1.0%,Rorrim Rock
Misfortune,C,Epic,ApCFLMPTr,apocalypse+[night]+treasure,46:00:00,1.5%,1.0%,5.0%,5.0%,Misadventure Time
Mistletoe,U,Rare,CEP,Lichen+Tree,8:00:00,3.0%,10.0%,1.0%,1.0%,Thistlethumb Dig
Molten,C,Rare,FM,fire+metal,12:00:00,5.0%,4.0%,1.0%,1.0%,Shi Nee's Saga
Monolith 1,C,Epic,EMhPW,monolith,2:30:00,20.0%,0.0%,0.0%,?%,
Monolith 2,C,Epic,EFMhW,monolith,2:30:00,20.0%,0.0%,0.0%,?%,
Monolith 3,C,Epic,CEMhW,monolith,25:00:00,5.0%,0.0%,0.0%,?%,
Monolith 4,C,Epic,ELMhW,monolith,25:00:00,5.0%,0.0%,0.0%,?%,
Monolith 5,C,Epic,AEMhW,monolith,40:00:00,1.0%,0.0%,0.0%,?%,
Monolith 6,C,Epic,EMMhW,monolith,24:00:00,1.0%,0.0%,0.0%,?%,
Monte,U,Epic,AIMoSu,air+moon+sun+light,12:00:00,2.0%,1.5%,0.75%,0.75%,Juicy Joy
Moon,C,Epic,CLMo,[night]+cold+lightning,48:00:00,3.0%,2.0%,?%,?%,Lunar Lunacy
Moonstruck,U,Epic,AFLMoP,Love+Rose,11:54:00,4.0%,2.0%,?%,?%,Dungeon of Distractions
Moriante,U,Epic,CILMo,light+Blue Moon+[weather:fireflies],20:00:00,2.0%,1.0%,5.0%,5.0%,Flip the Switch
Morphimagus,U,Epic,CDEFHiMo,Stella+hidden,23:00:00,4.0%,1.0%,5.0%,5.0%,Back in the Hat
Morpho,C,Epic,ChCEFP,Dittoglide+Gildamane,15:00:00,2.0%,?%,?%,?%,Delightfully Disguised
Moss,C,Hybrid,EP,plant+earth,12:00:00,*%,10.0%,1.0%,1.0%,Bryophyte Plight
Motley,U,Rare,FP,[any 2 dragons],13:00:00,4.0%,3.0%,1.0%,1.0%,Wild Side
Mountain,C,Hybrid,CE,cold+earth,14:00:00,*%,10.0%,1.0%,1.0%,Solo Summit
Mountain Sun,U,Rare,EI,light+earth,22:00:00,4.0%,1.5%,1.0%,1.0%,Chiseled Cliffs
Mud,C,Hybrid,EW,earth+water,6:00:00,*%,10.0%,1.0%,1.0%,Luck in the Muck
Murano,U,Rare,AEIP,Glass+Amaryllis,20:00:00,3.0%,1.5%,1.0%,1.0%,Stainless Stained Glass
Muse,U,Epic,ACDDrEFILMOlPW,Daydream+Hydra,36:00:00,6.0%,?%,?%,?%,Writer's Block Bluff
Mushry,U,Rare,DIPW,water+light+plant+dark,23:00:00,4.1%,10.0%,1.0%,1.0%,A Fun-guy
Mylio,U,Rare,DIW,dark+light+water,22:00:00,3.0%,4.0%,1.0%,1.0%,Sea You Later
Narcis,U,Epic,ApDLMW,Ouroboros+dark+metal,28:00:00,4.5%,10.0%,1.0%,1.0%,Daffadowndilly's Cousin
Nature,U,Rare,ACW,Reminiscence+cold+air,23:00:00,2.2%,10.0%,1.0%,1.0%,Ice Change
Nebula,C,Galaxy,ACGaPW,[social cave]+Nebula,18:00:00,0.0%,10.0%,0.0%,0.0%,Murphy's Ode
Nectar,C,Rare,IW,light+water,5:00:00,5.0%,4.0%,1.0%,1.0%,Tower of Tantalia
Neoteric,U,Rare,DILP,Spark+Luminous,31:00:00,12.0%,1.0%,0.5%,0.5%,New Year Flight
Nesting,A,Rare,CEFP,plant+fire+earth+cold,24:00:00,2.0%,1.5%,1.0%,1.0%,Infinite Regression
Nether,U,Rare,EFM,earth+fire+metal,12:00:00,4.0%,1.5%,1.0%,1.0%,Pancake Plunder
Neyvee,U,Rare,CEFPW,water+Woolen+earth,15:00:00,3.5%,1.5%,1.0%,1.0%,Swimming in the Ocean
Niamh,U,Rare,AEIP,air+earth+Meadow,30:00:00,1.5%,1.0%,5.0%,5.0%,Whiff of Spring
Nibwhip,U,Epic,CFOrP,,12:00:00,0.0%,0.0%,0.0%,0.0%,An Unforgettable Mug
Nightbloom,C,Epic,CDLMoP,plant+dark+moon,27:00:00,3.0%,1.0%,5.0%,?%,Night Flight
Nightmare,A,Epic,ADDrW,Abyss+Howl,36:28:33,4.0%,2.0%,?%,?%,Gelndun Gutter
Nightshade,C,Hybrid,DP,plant+dark,13:30:00,*%,10.0%,1.0%,1.0%,Belladonna's Bastion
Nimbus,C,Rare,FRW,water+rift+fire+[light trait],0:00:00,2.0%,0.0%,0.0%,1.0%,Nimble Narrows
Nomnoter,U,Rare,CFLP,Love+Delight,19:00:00,3.5%,10.0%,1.0%,1.0%,Lovely Cuisine
Nosferatu,A,Rare,CEF,fire+earth+[night]+cold,13:00:00,2.0%,1.5%,7.5%,7.5%,Whitbee's Valley
Nova,C,Galaxy,DFGaLM,Nova+[social cave],18:00:00,0.0%,7.5%,0.0%,0.0%,Divine Starshine
Nox,A,Rare,DIR,Antumbra+rift+Voltaic,48:00:00,3.0%,0.0%,0.0%,0.25%,From the Great Beyond
Nubis,U,Epic,ACELSu,earth+air+Sun,20:00:00,3.1%,1.5%,5.0%,5.0%,Solar Power
Oaris,U,Rare,IPW,Meadow+Limulimu,15:00:00,3.0%,5.0%,5.0%,5.0%,Hearing Intensifies
Oasian,U,Rare,DIPW,Honuhonu+Mylio,16:00:00,3.33%,10.0%,1.0%,1.0%,Oasis To-Go
Obsidian,C,Hybrid,EF,fire+earth,8:00:00,*%,10.0%,1.0%,1.0%,The Mark of Wrothmoore
Ocular,A,Epic,FLMOl,Cyclops+Barbarous,23:00:00,2.0%,1.5%,0.75%,0.75%,Insightful
Okenite,U,Gemstone,ACCrP,Pollen+Snow,31:00:00,3.0%,3.0%,5.0%,5.0%,Noxious Nuzzles
Omen,U,Epic,ApCLMMoP,Moon+Apocalypse,27:00:00,3.0%,2.0%,?%,?%,Trial DCLVI
Oni,U,Rare,CEF,earth+fire+cold,12:00:00,4.0%,1.5%,1.0%,1.0%,Den Development
Ooze,C,Hybrid,DW,dark+water,18:30:00,*%,10.0%,1.0%,1.0%,Ancient Madness
Opal,U,Gemstone,EFGeW,Lava+Mud,31:00:00,3.0%,3.0%,5.0%,5.0%,Opalescent Operation
Opulent,U,Epic,FLPTrW,water+fire+plant+lightning,40:00:00,1.0%,1.0%,5.0%,5.0%,Affluent Adventure
Oracle,U,Epic,EILSf,earth+lightning+light,27:30:00,1.5%,1.5%,1.0%,1.0%,Passage of Prophecy
Orchid,C,Rare,AP,plant+air,9:00:00,5.0%,3.0%,1.0%,1.0%,Koo Hill Trek
Orlena,U,Rare,AFMP,fire+Rosegold,20:00:00,4.25%,10.0%,1.0%,1.0%,Royal Presence
Ornamental,U,Epic,CFOrP,Reindeer+fire,18:00:00,6.0%,1.0%,?%,?%,Sleigh Ride
Ortreat,U,Rare,EFP,earth+plant+fire,15:00:00,4.0%,1.5%,1.0%,1.0%,Confabulated Confectionary
Osteryx,U,Rare,AEF,fire+earth+air,14:00:00,2.0%,4.0%,1.0%,1.0%,The Boneyard
Ouroboros,C,Epic,ApLMW,Magnetic+water,26:24:00,3.0%,2.0%,?%,?%,Infinite Loop
Outrider,U,Rare,AIM,metal+air+light,22:30:00,1.75%,1.5%,0.75%,0.75%,Surveil the Vale
Ovalith,U,Gemstone,ACEFGeLPW,Bloom+Panlong,30:00:00,1.0%,3.0%,5.0%,5.0%,Shell Scheme
Palladium,C,Hybrid,IM,metal+light,5:30:00,*%,10.0%,1.0%,1.0%,Noble Peril
Panlong,U,Rare,AEFW,earth+water+air+fire,36:00:00,3.0%,1.0%,0.5%,0.5%,Year of the Dragon
Paper,U,Rare,CEFP,earth+plant+fire+cold,12:00:00,3.0%,2.0%,1.0%,1.0%,Backflip Trip
Party,U,Epic,ACDEFILMPRbW,[4 elements],52:00:00,3.0%,3.0%,5.0%,5.0%,Celebratory Expedition
Pearl,U,Gemstone,ACGePW,Seaweed+Snow,30:00:00,3.0%,3.0%,5.0%,5.0%,Shimmering Slough
Pearlescent,C,Epic,ChCEFPR,Starwing+[prism light trait]+[starwing dark trait]+rift+Prism,0:00:00,0.5%,0.0%,0.0%,0.25%,Pretty Power
Peoni,U,Rare,CELP,Sakura+Bloom,22:00:00,4.0%,1.5%,1.0%,1.0%,Heavy Petal
Pepper,C,Rare,FP,fire+plant,6:00:00,5.0%,4.0%,1.0%,1.0%,Cheelei's Cove
Peridot,U,Gemstone,EGeLP,Crystal+Cactus,31:00:00,3.0%,3.0%,5.0%,5.0%,Olivine's Ordeal
Permafrost,C,Rare,CE,earth+cold,18:00:00,5.0%,4.0%,1.0%,1.0%,Freezey-Cold Flight
Petunia,U,Epic,AuCEFL,cold+lightning+fire+earth,16:00:00,3.0%,1.0%,5.0%,5.0%,Anger Wrangler
Phantom,C,Hybrid,CI,cold+light,8:30:00,*%,10.0%,1.0%,1.0%,Fear & Figments
Pharaoh,U,Epic,CDLSu,Sun+Crypt,30:00:00,9.0%,1.0%,?%,?%,Tomb of Kings
Pisceian,U,Epic,CLMPWZo,Omen+water,24:00:00,3.5%,4.0%,5.0%,5.0%,Centrifuge
Pixie,U,Epic,EMhPW,,18:00:00,0.0%,0.0%,0.0%,0.0%,Spring bringer
Plains,C,Rare,EI,light+earth,12:00:00,5.0%,4.0%,1.0%,1.0%,Gargantuan Grasslands
Plant,C,Primary,P,,0:00:05,$%,0.0%,0.0%,0.0%,
Plant Rift,C,Primary Rift,PR,,48:00:00,$%,0.0%,0.0%,1.0%,Rift Innovations
Plasma,C,Rare,LW,lightning+water,16:00:00,5.0%,4.0%,1.0%,1.0%,Ionized Guise
Plateau,U,Epic,AEHiPW,Monolith 5+Moss,14:00:00,2.0%,1.0%,5.0%,5.0%,Slow-Moving Summit
Platinum,C,Epic,MTrW,water+metal,49:00:00,1.5%,1.0%,?%,?%,Sickengen's Den
Plumewing,C,Rare,AFR,[air trait]+rift,0:00:00,3.0%,0.0%,0.0%,1.0%,Shiny Start
Plumpkin,U,Rare,EFP,plant+fire+earth,19:00:00,5.0%,2.0%,1.0%,1.0%,Pumpermelon Imposter
Poison,C,Hybrid,FP,fire+plant,0:30:00,*%,10.0%,1.0%,1.0%,Toxic Trouble
Polarian,C,Galaxy,ACGaIW,Polarian+[social cave],28:30:00,0.0%,5.0%,0.0%,0.0%,Polaris Plummet
Pollen,C,Hybrid,AP,air+plant,7:00:00,*%,10.0%,1.0%,1.0%,Fields of Achoo
Pond,U,Epic,CEHiPW,Lichen+Monolith 1,12:00:00,2.0%,1.0%,5.0%,5.0%,Philosopher's Dragon
PonkiPong,U,Rare,ADFI,fire+Undau+air,15:00:00,3.5%,10.0%,1.0%,1.0%,Bouncy
Porcelain,U,Rare,EF,,10:00:00,0.0%,0.0%,0.0%,0.0%,Enamel Upgrade
Portent,U,Epic,ACDDrEFILMPW,Daydream+Mirage,50:00:00,3.0%,1.0%,5.0%,5.0%,Exceptional Endeavor
Poshwing,C,Rare,IP,plant+light,10:00:00,2.0%,4.0%,1.0%,1.0%,Posh and Glamorous
Pouke,U,Epic,FISeW,fire+light+water,20:00:00,3.0%,1.5%,1.0%,1.0%,Picnic Time
Prestige,U,Epic,ADMoP,Psyche+Stella,30:00:00,3.75%,10.0%,1.0%,1.0%,Plot Twist
Prestina,U,Epic,ADIMMoP,Prestige+Outrider,28:00:00,4.25%,1.0%,5.0%,5.0%,Partners in Magic
PrickleFluff,U,Rare,ACFI,fire+cold+light+air,15:00:00,3.5%,10.0%,1.0%,1.0%,Pursuit of Love
Prism,U,Epic,IRbW,light+water,42:00:00,3.0%,1.0%,?%,?%,Dark Side of the Moon
Procyon,C,Galaxy,GaLMPW,Procyon+[social cave],16:00:00,0.0%,5.0%,0.0%,0.0%,Stellar Phenomcyon
Professo,U,Rare,EILP,plant+lightning+earth+light,27:00:00,4.05%,10.0%,1.0%,1.0%,Pet Teacher
Promethium,C,Hybrid,DM,dark+metal,8:00:00,*%,10.0%,1.0%,1.0%,Rift Fire Mire
Psyche,U,Rare,ADP,air+dark+plant,28:00:00,0.5%,1.5%,0.75%,0.75%,Mind Over Matter
Puffles,U,Epic,ACDIMoP,Nightbloom+Fluffles,18:00:00,4.0%,1.0%,5.0%,5.0%,The Shear Size
Punk,A,Epic,CEFLMeP,Decay+Lycan,26:00:00,3.8%,1.5%,5.0%,5.0%,Mosh Pit
Pyrite,U,Gemstone,ACrELM,Iron+Thunder,36:00:00,3.0%,3.0%,5.0%,5.0%,Golden Foolery
Quaa,U,Rare,AEFP,Kroki+Woodvine,26:00:00,3.5%,1.0%,5.0%,5.0%,Loud and Unclear
Quake,C,Hybrid,EL,lightning+earth,6:00:00,*%,10.0%,1.0%,1.0%,Seismic Trick
Quantum,U,Rare,CDI,light+cold+dark,26:00:00,1.75%,1.5%,0.75%,0.75%,Formidable Force
Quartz,U,Gemstone,CrEFIP,Lava+Luminous,30:00:00,3.0%,3.0%,5.0%,5.0%,Crystal Clear Chasm
Quicksand,C,Rare,EW,earth+water,15:00:00,5.0%,4.0%,1.0%,1.0%,Sandy Canyon
Quicksilver,C,Hybrid,MW,water+metal,18:00:00,*%,10.0%,1.0%,1.0%,Mercurial Madness
Quintessence,U,Rare,EFMPW,plant+earth+water+metal+fire,50:00:00,2.0%,1.5%,1.0%,1.0%,A Guardian's Guide
Radiant,C,Hybrid,IM,light+metal,10:30:00,*%,10.0%,1.0%,1.0%,Heat Wave Havoc
Ragnarok,C,Epic,ApCDEF,cold+dark+earth+fire,39:27:00,2.0%,1.0%,?%,?%,Serpentine Point
Rain,C,Hybrid,AW,air+water,8:00:00,*%,10.0%,1.0%,1.0%,Torrential Tribulation
Rainbow,C,Epic,ACDEFILMPRbW,[4 elements],48:00:00,1.0%,1.0%,0.5%,0.5%,Polyhue Palms
Rayleian,C,Galaxy,AFGaIW,[social cave]+Rayleian,22:00:00,0.0%,10.0%,0.0%,0.0%,Megastellar Mission
Razortail,C,Rare,MP,metal+plant,12:00:00,5.0%,10.0%,1.0%,1.0%,One Prickly Pear
Razzle,U,Epic,ADMoSu,moon+sun+dark+air,14:00:00,2.0%,1.5%,0.75%,0.75%,Hysterical Hype
Redbeard,U,Epic,CHiLP,hidden+Celtic,18:00:00,4.0%,10.0%,1.0%,1.0%,Interesting Interest
Regal,U,Epic,AIPTrW,light+water+air+plant,36:00:00,4.0%,1.0%,5.0%,5.0%,Trail of Regale
Regift,U,Rare,CFP,fire+cold+plant,12:00:00,7.0%,5.0%,1.0%,1.0%,Nor'easter Beaster
Reindeer,U,Rare,CP,plant+cold,5:00:00,7.0%,5.0%,1.0%,1.0%,Sandakloz's Surprise
Reminiscence,U,Epic,COrW,ornamental+Icy Torrent,30:00:00,3.0%,1.5%,1.0%,1.0%,Memories of Winter
Rhinotorch,C,Epic,ChCEFP,Swallowtail+Marbletail,16:00:00,2.0%,1.0%,?%,?%,Sharply Appointed
Ribbon,U,Epic,CFOrP,Regift+fire,19:00:00,4.0%,1.0%,5.0%,5.0%,Streaming & Gleaming
Rigel,C,Galaxy,ACDEFGaILMPRW,[own all galaxy]+rift+galaxy,16:00:00,0.5%,0.0%,0.0%,0.0%,A Glad Dose of Adventure
Riptide,U,Rare,ADW,water+air+dark,24:30:00,2.0%,1.5%,0.75%,0.75%,Amorphous Porpoise
River,C,Hybrid,EW,earth+water,13:00:00,*%,10.0%,1.0%,1.0%,Ami'Lya's Adventure
Root,C,Hybrid,DE,earth+dark,9:00:00,*%,10.0%,1.0%,1.0%,Tuber Trouble
Rose,U,Rare,AFP,air+Flower,14:00:00,5.0%,3.5%,1.0%,1.0%,Nadia's Nursery
Rosebud,U,Rare,AEFP,Rose+earth,18:00:00,1.0%,2.0%,5.0%,5.0%,Cadberry Wells
Rosegold,U,Rare,AFMP,Rose+Gold,30:00:00,5.0%,4.0%,1.0%,1.0%,Unencumbered Soar
Rotblossom,U,Rare,CEFP,Thicket+Decay,15:00:00,3.0%,10.0%,1.0%,1.0%,Daylight Deprivation
Ruby,U,Gemstone,AFGeLM,Chrome+Scorch,31:00:00,3.0%,3.0%,5.0%,5.0%,Mogok Mania
Ruckus,U,Epic,FIMoSu,moon+light+fire+sun,10:00:00,2.0%,1.5%,0.75%,0.75%,Bring It On!
Ruin,C,Hybrid,CD,dark+cold,6:00:00,*%,10.0%,1.0%,1.0%,Down Falls
Rust,C,Hybrid,MW,metal+water,6:00:00,*%,10.0%,1.0%,1.0%,Corrosion Excursion
Saccharine,U,Epic,CFOrP,,12:00:00,0.0%,0.0%,0.0%,0.0%,No Salt Here
Sagittarian,U,Epic,AFIZo,fire+Seraph,23:00:00,3.3%,4.0%,5.0%,5.0%,Hawk's Eye
Saharus,U,Epic,EFIMPTr,Sand+Scarab,23:00:00,4.05%,1.5%,5.0%,5.0%,Coarse and Rough
Sailback,U,Epic,FMoSuW,moon+fire+sun+water,8:00:00,2.0%,1.5%,0.75%,0.75%,Aquatic Anathema
Sakura,U,Rare,EFP,Tree+Flower,10:00:00,5.0%,3.0%,1.0%,1.0%,The Springening
Salamander,C,Hybrid,FW,fire+water,9:30:00,*%,10.0%,1.0%,1.0%,Amphibian Meridian
Sand,C,Hybrid,EI,light+earth,6:30:00,*%,10.0%,1.0%,1.0%,Sandara's Sojourn
Sandscale,C,Rare,EIR,rift+[rift align:light]+light+earth,0:00:00,4.0%,0.0%,0.0%,1.0%,Dune Diving
Sandstorm,C,Rare,AE,earth+air,2:00:00,5.0%,4.0%,1.0%,1.0%,Tectonica Toil
Sanguinite,U,Gemstone,CCrELM,Mountain+Lodestone,36:00:00,3.0%,3.0%,5.0%,5.0%,Tunnels of Mashe
Sapphire,U,Gemstone,ACEGeW,Rain+Mountain,30:00:00,3.0%,3.0%,5.0%,5.0%,Yogo Gulch
Satin,U,Rare,EFLP,plant+lightning+earth+fire,18:00:00,9.0%,2.0%,5.0%,5.0%,Drape Escape
Scarab,U,Epic,FMPTr,Loot+Gold,46:00:00,1.5%,1.0%,5.0%,5.0%,Glitter Glen
Scorch,C,Hybrid,FL,fire+lightning,3:00:00,*%,10.0%,1.0%,1.0%,Scalding Stretch
Scoria,C,Hybrid,EM,metal+earth,22:00:00,*%,10.0%,1.0%,1.0%,Bessemer's Bounty
Scorn,U,Epic,AuEFP,earth+fire+plant,44:00:00,5.0%,1.0%,5.0%,5.0%,Green-eyed Guide
Scorpionian,U,Epic,APWZo,water+Squall,28:00:00,4.0%,10.0%,5.0%,5.0%,Terrorize
Scourge,A,Epic,ApCDEF,Misfortune+Decay,11:30:00,0.5%,1.5%,0.75%,0.75%,Feast or Famine
Scout,U,Epic,AHiMP,Valor+hidden,24:00:00,2.0%,1.0%,5.0%,5.0%,Camping Trip
Scribe,U,Rare,CDEI,Scryer+Paper,26:00:00,4.25%,10.0%,1.0%,1.0%,Magic Scrolls
Scryer,U,Rare,CDIL,Lunk+Neoteric,20:00:00,2.5%,10.0%,1.0%,1.0%,A Peek Into the Future
Scuttle,U,Rare,DEW,water+dark+earth,20:00:00,3.0%,1.5%,1.0%,1.0%,Free Shell Estate
Sea Shanty,U,Epic,DFIMeW,Ruckus+Tidal,26:00:00,4.5%,1.5%,5.0%,5.0%,Unbearable Tunes
Seasonal,C,Epic,AFPSe,fire+air+plant,48:00:00,2.0%,1.0%,?%,?%,Hemisphere Pioneer
Seaweed,C,Hybrid,PW,water+plant,5:00:00,*%,10.0%,1.0%,1.0%,Nori Cove
Seed,U,Epic,CISeW,cold+light+water,18:00:00,3.0%,1.0%,?%,?%,Forage in the Great Forest
Seraph,U,Rare,AFI,air+fire+light,40:00:00,2.0%,2.0%,1.0%,1.0%,Soaring Heights
Serenity,U,Epic,AuCEF,earth+fire+cold,18:00:00,4.0%,1.0%,?%,?%,Cape Calm
Serket,C,Epic,ChCEFP,Busby+Rhinotorch,33:20:00,2.0%,?%,?%,?%,Immunity Proclivity
Shadow,C,Rare,DI,light+dark,18:00:00,5.0%,4.0%,1.0%,1.0%,The Wall of Shades
Shadowflash,U,Rare,DIL,lightning+light+dark,21:00:00,4.0%,3.0%,1.0%,3.0%, 
Shield,U,Rare,CELW,Hail+Hydra,13:30:00,4.0%,1.0%,0.5%,0.5%,Fury's Foray
Shimmer,C,Hybrid,IW,light+water,11:00:00,*%,10.0%,1.0%,1.0%,Caught in the Crimson Sea
Shining,C,Rare,IL,lightning+light,19:00:00,5.0%,4.0%,1.0%,1.0%,Setse Sighting
Shiver,U,Epic,ACISf,cold+air+light,27:00:00,1.5%,1.5%,1.0%,1.0%,Escapades on Ice
Shockproof,C,Rare,CL,cold+lightning,12:00:00,5.0%,10.0%,1.0%,1.0%,Shocked and Rattled
Silver,C,Epic,CMTr,metal+cold,47:00:00,3.0%,2.0%,?%,?%,Rudna's Rollick
Silver Olympus,C,Epic,ELOl,lightning+air+earth,35:00:00,3.0%,2.0%,?%,?%,Silvery Peaks
Silverline,C,Rare,DI,dark+light,18:00:00,2.0%,4.0%,1.0%,1.0%,Holistic Hope
Singularity,C,Galaxy,DFGaLM,[social cave]+Singularity,18:00:00,0.0%,1.0%,0.0%,0.0%,Event Horizon
Sleighbell,U,Rare,CEFP,earth+Reindeer+fire,15:00:00,4.0%,1.5%,1.0%,1.0%,Gone Caroling
Smigi,U,Rare,ADI,air+dark+light,16:00:00,3.0%,10.0%,1.0%,1.0%,Swish Swoosh
Smitten,U,Epic,AuCFP,plant+cold+fire,29:00:00,3.0%,1.0%,5.0%,5.0%,Overly Attached
Smoke,C,Hybrid,AF,fire+air,14:00:00,*%,10.0%,1.0%,1.0%,The Other Side
Smolder,C,Rare,AF,air+fire,11:00:00,5.0%,?%,?%,?%,Smoke on the Boulder
Smoulderbrush,C,Rare,FP,fire+plant,8:00:00,4.0%,4.0%,1.0%,1.0%,Aroma Therapy
Snapper,C,Rare,DP,dark+plant,15:00:00,5.0%,4.0%,1.0%,1.0%,Slow & Steady
Snootroot,C,Rare,EP,plant+earth,4:30:00,5.0%,4.0%,1.0%,1.0%,Flaunting Flair
Snooz,U,Epic,ACDDrEFILMPW,Dream+Fog,24:00:00,4.0%,10.0%,1.0%,1.0%,Snooze No More
Snow,C,Hybrid,AC,cold+air,8:00:00,*%,10.0%,1.0%,1.0%,Furious Flurry
Snowball,U,Epic,ACOr,Shiver+Snowpocalypse,22:00:00,1.5%,4.0%,1.0%,1.0%,Hiding Like Snowbody's Business
Snowbrush,U,Rare,CIP,light+cold+plant,19:00:00,4.0%,1.5%,1.0%,1.0%,Snowdrift Dive
Snowflake 1,C,Epic,ACSnW,snowflake,2:30:00,20.0%,0.0%,0.0%,?%,
Snowflake 2,C,Epic,CLSnW,snowflake,2:30:00,20.0%,0.0%,0.0%,?%,
Snowflake 3,C,Epic,CFSnW,snowflake,25:00:00,5.0%,0.0%,0.0%,?%,
Snowflake 4,C,Epic,CISnW,snowflake,25:00:00,5.0%,0.0%,0.0%,?%,
Snowflake 5,C,Epic,CPSnW,snowflake,40:00:00,1.0%,0.0%,0.0%,?%,
Snowflake 6,C,Epic,CESnW,snowflake,42:00:00,1.0%,0.0%,0.0%,0.0%,
Snowflake 7,C,Epic,CESnW,snowflake,44:00:00,1.0%,0.0%,0.0%,0.0%,
Snowpocalypse,U,Epic,AApCELMP,Apocalypse+Winter,20:00:00,3.0%,1.0%,5.0%,5.0%,Clouds of Garita
Snowsquall,C,Rare,CRW,water+cold+rift+[cold trait],0:00:00,2.5%,0.0%,0.0%,1.0%,Tentacle Terrace
Snowy Bronze,C,Epic,ACFOl,air+fire+cold,32:00:00,5.0%,4.0%,?%,?%,Chione Chasm
Snowy Gold,C,Epic,ACFOl,fire+air+cold,32:00:00,1.5%,1.0%,?%,?%,Chione Peaks
Snowy Silver,C,Epic,ACFOl,fire+cold+air,32:00:00,3.0%,2.0%,?%,?%,Chione Climb
Solar Eclipse,U,Epic,AEFMoSu,air+fire+earth,48:00:00,3.0%,1.0%,?%,?%,Age of Alignment
Solarflare,C,Galaxy,ACDEFGaILMPSuW,galaxy+[social cave]+sun,24:00:00,10.0%,1.0%,0.0%,0.0%,Prowess Immeasurable
Solary,U,Rare,AEFI,fire+light+earth+air,20:00:00,3.8%,10.0%,1.0%,1.0%,Bright Sunlight
Solis,C,Galaxy,EFGaILSu,galaxy+Sun,24:00:00,2.0%,5.0%,0.0%,0.0%,Stay Lit
Solstice,U,Epic,AEFSu,Blazing+earth,23:30:00,3.0%,1.0%,?%,?%,Stones of Surya
Somnig,U,Rare,ADIW,Fae+Snooz,26:00:00,2.95%,10.0%,1.0%,1.0%,Afternoon Nap
Sonic,C,Hybrid,AL,lightning+air,8:00:00,*%,10.0%,1.0%,1.0%,Green Hill Havoc
Soot,C,Rare,EF,earth+fire,10:00:00,5.0%,?%,?%,?%,Cauldron Canyon
Sorarian,C,Galaxy,GaIMPW,Sorarian+[social cave],45:00:00,0.0%,10.0%,0.0%,0.0%,Celestial Rarity
Soriak,U,Rare,AEL,air+earth+lightning,15:00:00,2.5%,4.0%,1.0%,1.0%,emiT hguorhT pirT A
Sow,U,Rare,CDEP,Gourd+Teozinte,18:00:00,4.0%,10.0%,1.0%,1.0%,Crop Security
Spark,C,Hybrid,DL,dark+lightning,9:30:00,*%,10.0%,1.0%,1.0%,Shock Rock
Sparkles,U,Rare,EIL,lightning+earth+light,33:00:00,0.5%,1.5%,0.75%,0.75%,Odin's Pride
Spectrapod,U,Epic,ACDEFILMPRbRW,Chromacorn+rift+Kampos,48:00:00,0.5%,0.0%,0.0%,0.25%,Sonoluminescence
Spectre,A,Rare,CE,cold+earth,12:00:00,4.0%,1.5%,1.0%,1.0%,Nevermore Cavern
Spellmason,U,Epic,DLOr,ornamental+Hidden Bolt,30:00:00,3.0%,1.5%,1.0%,1.0%,The Living Stone
Spinky,U,Rare,CW,Aquacorn+Sailback,15:00:00,3.0%,10.0%,1.0%,1.0%,Rolling in the Waves
Spirit,U,Rare,CE,Spectre+Ghost,15:00:00,4.0%,1.5%,1.0%,1.0%,Wayward Wandering
Spore,C,Rare,MPR,metal+plant+rift+[plant trait],0:00:00,2.5%,0.0%,0.0%,1.0%,Field of Shrooms
Spring,U,Epic,CFLSe,fire+lightning+cold,24:00:00,4.0%,3.0%,?%,?%,Akitu's Assay
Sprite,C,Epic,AIPSf,air+plant+light,26:00:00,1.0%,1.5%,1.0%,1.0%,Rolling and Rollicking
Spritely,U,Epic,AuCEFLOlP,aura+olympus,35:00:00,7.0%,1.0%,1.0%,5.0%,Painted Hills
Sprout,U,Epic,ACDEFILMPSeW,light+earth+water,36:00:00,3.0%,2.0%,?%,?%,Budding Bayou
Squall,U,Epic,AOlPW,air+plant+water,34:00:00,3.0%,2.0%,5.0%,5.0%,Anchored Adventure
Squish,U,Rare,EIP,Feast+Bogberry,17:00:00,3.5%,10.0%,1.0%,1.0%,Squash
Stage,U,Rare,DFIM,dark+metal+fire+light,14:00:00,3.0%,10.0%,1.0%,1.0%,Waving Specialist
Standstone,U,Rare,CELM,Bonescale+Gargoyle,28:00:00,2.6%,1.0%,5.0%,5.0%,Staying Vigilant
Starlight,C,Galaxy,ACFGaP,Starlight+[social cave],20:00:00,0.0%,2.0%,0.0%,0.0%,Star Bright
Starshine,U,Epic,ACEFOrP,Dazzling+Twinkle,19:00:00,2.0%,1.5%,1.0%,1.0%,Shine On
Starwing,C,Epic,ChCEFP,Glowwing+chrysalis,28:00:00,2.0%,1.0%,5.0%,5.0%,Map to the Stars
Steam,C,Rare,FW,fire+water,12:00:00,5.0%,4.0%,1.0%,1.0%,Ephemeral Spire
Steel,C,Hybrid,CM,metal+cold,14:00:00,*%,10.0%,1.0%,1.0%,Left Turn Lagoon
Stella,U,Epic,CDEFMo,Midnight+Starwing,15:00:00,3.0%,1.0%,5.0%,5.0%,The Sky's Not the Limit
Stoneheart,U,Epic,AuCEFLP,Love+Melancholy,24:00:00,3.0%,5.0%,5.0%,5.0%,Mort's Moratorium
Stoneshell,U,Epic,CEHiLW,Quake+Monolith 3,24:00:00,3.0%,1.0%,5.0%,5.0%,Standing Egg Rock
Storm,C,Hybrid,CL,cold+lightning,5:00:00,*%,10.0%,1.0%,1.0%,Squall Shoal
Stygian,U,Epic,DFMOl,fire+metal+dark,34:00:00,3.0%,2.0%,5.0%,5.0%,Runic River
Subterranean,C,Rare,DE,dark+earth,24:00:00,5.0%,4.0%,1.0%,1.0%,T. Erra's Plea
Sugarmitten,U,Rare,CEFP,Sugarplum+Woolen,18:00:00,4.0%,10.0%,1.0%,1.0%,Nice and Cozy
Sugarplum,U,Epic,CFOrP,,12:00:00,0.0%,0.0%,0.0%,0.0%,Fancy Feet
Sulfur,C,Rare,FM,metal+fire,15:00:00,5.0%,4.0%,1.0%,1.0%,Putrid Plunge
Sumi,U,Epic,AEFPSf,air+fire+earth+plant,19:00:00,2.0%,1.0%,1.0%,1.0%,Inky Heights
Summer,U,Epic,FLSeW,lightning+fire+water,24:00:00,4.0%,3.0%,?%,?%,Sunshine Soire
Sun,C,Epic,CLSu,cold+lightning+[day],48:00:00,3.0%,2.0%,?%,?%,Solar Controller
Sunscorch,U,Epic,DMoW,moon+water+dark,42:00:00,5.0%,1.0%,1.0%,1.0%,Shaded Shelter
Sunstruck,U,Epic,DFISu,Mirage+Heat,32:00:00,4.0%,2.0%,?%,?%,Sol Strike
Surge,C,Rare,LW,lightning+water,16:00:00,5.0%,4.0%,1.0%,1.0%,Glow 'n' Go
Surprise,U,Epic,AAuCDEFILMPW,[4 elements],24:00:00,9.0%,1.0%,?%,?%,Shock and Aww
Swallowtail,C,Epic,ChCEFP,Chrysalis+Marbletail,41:20:00,3.0%,1.0%,?%,?%,Gulping Gully
Swamp,C,Hybrid,PW,plant+water,9:00:00,*%,10.0%,1.0%,1.0%,Madcap Muskeg
Sweetheart,U,Epic,AuCEFLP,Love+Stoneheart,29:00:00,2.0%,1.5%,1.0%,5.0%,Bemine Spelunking
Swiftgrace,U,Rare,DIL,lightning+dark+light,32:00:00,2.0%,1.5%,1.0%,1.0%,Beauty and Grace
Tansy,U,Epic,EHiLPW,Cactus+Monolith 4,20:00:00,3.0%,1.0%,5.0%,5.0%,Burcadian Hooray
Taurian,U,Epic,CELZo,Midday+earth,24:00:00,3.2%,4.0%,5.0%,5.0%,The Bulls
Tebori,U,Epic,ACDDrEFILMPW,dream+Hakahaka,28:00:00,2.5%,1.0%,1.0%,1.0%,Traditional Patterns
Techno,U,Epic,ILMePW,Surge+Kwall,26:00:00,3.8%,1.5%,5.0%,5.0%,Electric Shuffle
Teidian,C,Galaxy,EFGaLM,Teidian+[social cave],20:00:00,0.0%,10.0%,0.0%,0.0%,Year of the Bull
Tempest,C,Rare,CL,lightning+cold,8:00:00,5.0%,4.0%,1.0%,1.0%,Wiggleswand Way
Teozinte,U,Rare,CEP,earth+plant+cold,22:00:00,5.0%,2.0%,1.0%,1.0%,Corn Maze
Terracotta,U,Rare,EFMW,metal+water+earth+fire,24:00:00,0.5%,2.0%,1.0%,0.1%,A Molded Marker
Terradiem,U,Rare,AEPW,earth+plant+water+air,24:00:00,4.0%,3.0%,1.0%,1.0%,Globe Trot
Thicket,A,Rare,CEP,plant+earth+cold,15:00:00,4.0%,0.0%,0.0%,?%,Divine Vine
Thistle,C,Rare,LP,lightning+plant,3:00:00,5.0%,?%,?%,?%,Whistling Woods
Thorn,C,Rare,MP,plant+metal,7:00:00,5.0%,4.0%,1.0%,1.0%,Spiky Spire Brier
Thrasher,C,Rare,LM,lightning+metal,19:00:00,2.35%,4.0%,1.0%,1.0%,Time to Shred
Thunder,C,Hybrid,AL,air+lightning,8:30:00,*%,10.0%,1.0%,1.0%,Plunder Strike
Thunderbird,C,Rare,ELR,[fire trait]+lightning+earth+rift,0:00:00,3.0%,0.0%,0.0%,1.0%,Bolt Buffet
Thunderbolt,U,Epic,AELOl,lightning+earth+air,34:00:00,3.0%,2.0%,5.0%,5.0%,Cloud Striker
Thundersnow,U,Rare,CEL,lightning+cold+earth,18:00:00,4.0%,1.5%,1.0%,1.0%,Snow Day
Tidal,U,Rare,DELW,Quake+Abyss,30:00:00,2.0%,2.0%,1.0%,1.0%,Kamgwa Karst
Tidepool,C,Rare,PW,plant+water,9:00:00,5.0%,4.0%,1.0%,1.0%,Turning the Tides
Tien,U,Rare,AEIM,light+metal+air+earth,10:00:00,2.5%,2.0%,1.0%,1.0%,Ten Tins
Tinsel,U,Epic,CEOrP,Holly+cold,27:00:00,3.0%,1.0%,5.0%,5.0%,Into the Bushes
Toco,U,Epic,AMoPSu,air+plant+sun+moon,8:00:00,2.0%,1.5%,0.75%,0.75%,Big-billed Beats
Topaz,U,Gemstone,FGeLP,Firefly+Cactus,30:00:00,3.0%,3.0%,5.0%,5.0%,Remember November
Totem,U,Epic,CEPSf,earth+cold+plant,24:30:00,1.5%,1.5%,1.0%,1.0%,Wooden Way
Tourmaline,U,Gemstone,CrEL,Electrum+Crystal,35:00:00,3.0%,3.0%,5.0%,5.0%,Libra Lark
Tranquil,U,Epic,EFISu,Serenity+sun+[weather:blossoms],16:00:00,3.0%,1.0%,5.0%,5.0%,Tran-quill-ity
Tree,C,Hybrid,EP,plant+earth,14:00:00,*%,10.0%,1.0%,1.0%,Rootmoot
Trench,C,Rare,DW,dark+water,7:30:00,5.0%,4.0%,1.0%,1.0%,Anayrahm Dive
Trepak,U,Epic,CFOrP,,12:00:00,0.0%,0.0%,0.0%,0.0%,Foot Drill
Trick,U,Rare,EFP,fire+earth+plant,12:00:00,4.0%,1.5%,1.0%,1.0%,Admiral Antics
Trilobite,C,Epic,ChCEFP,Faux+Rhinotorch,33:20:00,2.0%,?%,?%,?%,Extinction Exodus
Trimera,U,Epic,AFOlP,fire+air+plant,19:26:40,1.5%,1.0%,5.0%,5.0%,Well of Madness
Trinket,U,Rare,CFP,cold+fire+plant,12:00:00,7.0%,5.0%,5.0%,5.0%,Keepsake Cavern
Triple Leap Year,U,Epic,ACDEFILMPRbW,[4 elements],30:00:00,3.0%,1.0%,5.0%,5.0%,Third Leap Year
Triple Rainbow,C,Epic,ACDEFILMPRbW,[4 elements],60:00:00,0.5%,0.5%,2.5%,2.5%,Triple the Fun
Trove,U,Epic,CFLMPTr,Electrum+Misfortune,26:00:00,4.0%,1.5%,5.0%,5.0%,Gold Detector
Tulip,U,Epic,FHiMPW,Flower+Monolith 6,22:00:00,1.0%,1.0%,5.0%,5.0%,Moonlit Garden
Tumblethorn,C,Rare,EPR,rift+[earth trait]+plant+earth,0:00:00,2.0%,0.0%,0.0%,1.0%,Tumbling Along
Turquoise,U,Gemstone,FGePW,Poison+Swamp,31:00:00,3.0%,3.0%,5.0%,5.0%,Khorasan Kame
Tusk,U,Epic,CESfW,water+earth+cold,22:00:00,1.5%,1.5%,1.0%,1.0%,Sharp Insights
Tutan,U,Epic,CDFILSu,Sunstruck+Pharaoh,23:00:00,4.2%,1.5%,5.0%,5.0%,Under Orion
Twinkle,U,Epic,ACEOr,air+Winter,55:00:00,0.5%,1.0%,5.0%,5.0%,Cave of Caroling
Umbra,U,Epic,CDEHi,,30:00:00,0.0%,0.0%,0.0%,0.0%,Enveloping Darkness
Undau,U,Rare,CDFI,fire+cold+light+dark,15:00:00,4.5%,10.0%,1.0%,1.0%,A Quest For Food
Valeodon,U,Rare,CDFW,Zilla+Kaiju,18:00:00,3.1%,10.0%,1.0%,1.0%,Serpent of the Sea
Valor,U,Epic,AMOlP,air+plant+metal,34:00:00,3.0%,1.0%,5.0%,5.0%,Brave New Vale
Vampir,A,Rare,ACEF,Nosferatu+Zombie,18:45:00,3.2%,10.0%,1.0%,1.0%,Itsy Bitesy
Vanguard,U,Rare,EIM,earth+metal+light,16:00:00,0.5%,1.5%,0.75%,0.75%,Gilded Wonder
Vaul,U,Rare,DEMR,rift+earth+[dark trait]+metal,0:00:00,1.0%,0.0%,0.0%,1.0%,Claws of Steel
Venture,U,Epic,AFOr,Blazing Gale+ornamental,30:00:00,3.0%,1.5%,1.0%,1.0%,Far-off Travels
Verdigris,C,Rare,AM,metal+air,7:30:00,5.0%,?%,?%,?%,Anti-Gravity Antics
Verglace,U,Epic,CEOrP,cold+Mistletoe,25:00:00,5.0%,1.0%,?%,?%,Lord of the Fjords
Vibe,U,Epic,LMoPSu,moon+sun+lightning+plant,12:00:00,2.0%,1.5%,0.75%,0.75%,Scene Maker
Victory,U,Epic,ACLOl,air+cold+lightning,36:00:00,3.0%,1.0%,?%,?%,Triumph Turlough
Vidalia,U,Epic,EFHiPSe,,20:08:20,0.0%,0.0%,0.0%,0.0%,Tears of Joy
Violetta,C,Epic,ChCEFP,Faux+Dittoglide,18:00:00,2.0%,1.0%,?%,?%,Vivid Virtue
Vipera,U,Rare,FILP,Wick+Hooded,25:00:00,2.5%,10.0%,1.0%,1.0%,Clinch Location
Virgonian,U,Epic,CEWZo,Aperture+earth,29:00:00,3.3%,4.0%,5.0%,5.0%,Flowy and Glowy
Viridian,C,Rare,APR,[dodo fire trait]+Dodo+rift+Malachite+[malachite light trait],0:00:00,1.0%,0.0%,0.0%,1.0%,Ardent Valley
Void,C,Rare,CD,cold+dark,24:00:00,5.0%,10.0%,1.0%,1.0%,Creeping In
Voltaic,C,Rare,DLR,lightning+dark+rift+[dark trait],0:00:00,2.5%,0.0%,0.0%,1.0%,Scaredy Cave
Vortex,C,Rare,AW,water+air,14:00:00,5.0%,4.0%,1.0%,1.0%,Spiraling Storm
Watch,C,Hybrid,DF,dark+fire,8:00:00,*%,10.0%,1.0%,1.0%,Gulf of the Guardian
Water,C,Primary,W,,4:00:00,$%,0.0%,0.0%,0.0%,
Water Rift,C,Primary Rift,RW,,48:00:00,$%,0.0%,0.0%,1.0%,Oceanic Portals
Wavelyte,U,Gemstone,CCrIPW,Shimmer+Evergreen,36:00:00,3.0%,3.0%,5.0%,5.0%,Wicked Waves
Weaver,U,Rare,CDEP,Cave+Woolen,18:00:00,4.0%,10.0%,1.0%,1.0%,Tangled Web
Wendigo,U,Epic,ApCEF,Macabre+Bone,22:00:00,2.0%,1.5%,0.75%,0.75%,Zombie Juice Diet
Whimsical,U,Rare,CIP,plant+cold+light,18:00:00,3.0%,5.0%,5.0%,5.0%,Whimsical Miracle
Whirlwind,C,Rare,AE,earth+air,20:00:00,5.0%,10.0%,1.0%,1.0%,Windy and Whirly
Wick,C,Rare,FI,light+fire,20:00:00,5.0%,4.0%,1.0%,1.0%,Wicked Sick
Wilderness,U,Epic,ADFIMoP,Nightbloom+Seraph,26:00:00,4.5%,1.5%,5.0%,5.0%,Expert of the Wild
Willow,C,Hybrid,AP,plant+air,8:00:00,*%,10.0%,1.0%,1.0%,Weeping Waterfall
Wind,C,Hybrid,AI,light+air,5:00:00,*%,10.0%,1.0%,1.0%,Zesty Zephyr
Winter,U,Epic,ACESe,earth+air+cold,24:00:00,4.0%,1.0%,?%,?%,Stark Tundra
Wisp,C,Rare,DL,lightning+dark,2:00:00,5.0%,4.0%,1.0%,1.0%,Brume Bluff
Wolper,U,Rare,EFIP,Cocoahollow+Bilby,22:00:00,4.0%,1.5%,1.0%,1.0%,Hip and Hop
Woodvine,U,Rare,AEP,air+Willow+earth,14:00:00,5.0%,1.0%,5.0%,5.0%,Run Through the Vines
Woolen,U,Rare,CEFP,Gift+earth,18:00:00,2.0%,1.5%,1.0%,1.0%,Always in Style
Woven,U,Rare,AEIP,air+plant+earth+light,24:00:00,1.5%,2.0%,1.0%,1.0%,Weaving Through
Wraith,C,Hybrid,DL,lightning+dark,14:00:00,*%,10.0%,1.0%,1.0%,Gaznul Gulch
Wrath,U,Rare,FLP,,5:00:00,0.0%,0.0%,0.0%,0.0%,A Malcontent's Mutation
Wyrmwood,U,Rare,CEFP,fire+cold+earth+plant,18:00:00,3.0%,2.0%,1.0%,1.0%,The 5th Precipice
Xanthium,C,Rare,EM,metal+earth,19:00:00,2.5%,4.0%,1.0%,1.0%,A Prickly Pretense
Yanghis,U,Epic,ACEFOr,Starshine+Flicker,23:00:00,2.0%,4.0%,1.0%,1.0%,Igniting the Fireworks
Yarr,U,Epic,EMPTrW,Loot+Platinum,30:00:00,3.75%,1.5%,5.0%,5.0%,Sail The High Seas
Yeti,U,Epic,CEOrP,Krampus+Kringle,26:00:00,1.5%,4.0%,1.0%,1.0%,They Like To Throw Things
Yolkwing,C,Rare,DFR,[fire trait]+rift,0:00:00,2.5%,0.0%,0.0%,1.0%,Eggstraordinary Eggventure
Yule,U,Epic,EIOr,Mountain Sun+ornamental,30:00:00,3.0%,1.5%,1.0%,1.0%,Tides of Winter Tidings
Zaffer,C,Rare,CLR,Plasma+[plasma metal trait]+Blue Fire+rift+[blue fire air trait],0:00:00,4.0%,0.0%,0.0%,1.0%,Blues Chase
Zero,U,Epic,ApCEOr,Permafrost+Snowpocalypse,28:00:00,3.9%,1.0%,5.0%,5.0%,Below Zero
Zilla,U,Rare,CDFW,water+cold+Kaiju,18:00:00,4.5%,10.0%,1.0%,1.0%,King Of The Sea
Zipzap,U,Rare,DL,Spark+Hidden Bolt,18:00:00,4.0%,10.0%,1.0%,1.0%,Zippity-zip-zap
Zombie,A,Epic,AApMP,Meteor+Pollen,20:00:00,3.0%,1.0%,10.0%,?%,Plaaaaaaaaains
Zumi,U,Epic,ACDOr,Ketu+Snowball,19:00:00,4.25%,1.0%,5.0%,5.0%,Best Friends Forever
